{
    "smithy": "2.0",
    "shapes": {
        "com.amazonaws.appconfigdata#AppConfigData": {
            "type": "service",
            "version": "2021-11-11",
            "operations": [
                {
                    "target": "com.amazonaws.appconfigdata#GetLatestConfiguration"
                }
            ],
            "resources": [
                {
                    "target": "com.amazonaws.appconfigdata#ConfigurationSession"
                }
            ],
            "traits": {
                "aws.api#dataPlane": {},
                "aws.api#service": {
                    "sdkId": "AppConfigData",
                    "arnNamespace": "appconfigdata",
                    "cloudFormationName": "AppConfigData",
                    "cloudTrailEventSource": "appconfigdata.amazonaws.com",
                    "endpointPrefix": "appconfigdata"
                },
                "aws.auth#sigv4": {
                    "name": "appconfig"
                },
                "aws.protocols#restJson1": {},
                "smithy.api#documentation": "<p>AppConfig Data provides the data plane APIs your application uses to retrieve\n         configuration data. Here's how it works:</p>\n         <p>Your application retrieves configuration data by first establishing a configuration\n         session using the AppConfig Data <a>StartConfigurationSession</a> API action.\n         Your session's client then makes periodic calls to <a>GetLatestConfiguration</a>\n         to check for and retrieve the latest data available.</p>\n         <p>When calling <code>StartConfigurationSession</code>, your code sends the following\n         information:</p>\n         <ul>\n            <li>\n               <p>Identifiers (ID or name) of an AppConfig application, environment, and\n               configuration profile that the session tracks.</p>\n            </li>\n            <li>\n               <p>(Optional) The minimum amount of time the session's client must wait between calls\n               to <code>GetLatestConfiguration</code>.</p>\n            </li>\n         </ul>\n         <p>In response, AppConfig provides an <code>InitialConfigurationToken</code> to be given to\n         the session's client and used the first time it calls <code>GetLatestConfiguration</code>\n         for that session.</p>\n         <important>\n            <p>This token should only be used once in your first call to\n               <code>GetLatestConfiguration</code>. You <i>must</i> use the new token\n            in the <code>GetLatestConfiguration</code> response\n               (<code>NextPollConfigurationToken</code>) in each subsequent call to\n               <code>GetLatestConfiguration</code>.</p>\n         </important>\n         <p>When calling <code>GetLatestConfiguration</code>, your client code sends the most recent\n            <code>ConfigurationToken</code> value it has and receives in response:</p>\n         <ul>\n            <li>\n               <p>\n                  <code>NextPollConfigurationToken</code>: the <code>ConfigurationToken</code> value\n               to use on the next call to <code>GetLatestConfiguration</code>.</p>\n            </li>\n            <li>\n               <p>\n                  <code>NextPollIntervalInSeconds</code>: the duration the client should wait before\n               making its next call to <code>GetLatestConfiguration</code>. This duration may vary\n               over the course of the session, so it should be used instead of the value sent on the\n                  <code>StartConfigurationSession</code> call.</p>\n            </li>\n            <li>\n               <p>The configuration: the latest data intended for the session. This may be empty if\n               the client already has the latest version of the configuration.</p>\n            </li>\n         </ul>\n         <important>\n            <p>The <code>InitialConfigurationToken</code> and\n            <code>NextPollConfigurationToken</code> should only be used once. To support long poll\n            use cases, the tokens are valid for up to 24 hours. If a\n            <code>GetLatestConfiguration</code> call uses an expired token, the system returns\n            <code>BadRequestException</code>.</p>\n         </important>\n         <p>For more information and to view example CLI commands that show how to retrieve a\n         configuration using the AppConfig Data <code>StartConfigurationSession</code> and\n            <code>GetLatestConfiguration</code> API actions, see <a href=\"http://docs.aws.amazon.com/appconfig/latest/userguide/appconfig-retrieving-the-configuration\">Retrieving the\n            configuration</a> in the <i>AppConfig User Guide</i>.</p>",
                "smithy.api#title": "AWS AppConfig Data",
                "smithy.rules#endpointRuleSet": {
                    "version": "1.0",
                    "parameters": {
                        "Region": {
                            "builtIn": "AWS::Region",
                            "required": false,
                            "documentation": "The AWS region used to dispatch the request.",
                            "type": "String"
                        },
                        "UseDualStack": {
                            "builtIn": "AWS::UseDualStack",
                            "required": true,
                            "default": false,
                            "documentation": "When true, use the dual-stack endpoint. If the configured endpoint does not support dual-stack, dispatching the request MAY return an error.",
                            "type": "Boolean"
                        },
                        "UseFIPS": {
                            "builtIn": "AWS::UseFIPS",
                            "required": true,
                            "default": false,
                            "documentation": "When true, send this request to the FIPS-compliant regional endpoint. If the configured endpoint does not have a FIPS compliant endpoint, dispatching the request will return an error.",
                            "type": "Boolean"
                        },
                        "Endpoint": {
                            "builtIn": "SDK::Endpoint",
                            "required": false,
                            "documentation": "Override the endpoint used to send this request",
                            "type": "String"
                        }
                    },
                    "rules": [
                        {
                            "conditions": [
                                {
                                    "fn": "isSet",
                                    "argv": [
                                        {
                                            "ref": "Endpoint"
                                        }
                                    ]
                                }
                            ],
                            "rules": [
                                {
                                    "conditions": [
                                        {
                                            "fn": "booleanEquals",
                                            "argv": [
                                                {
                                                    "ref": "UseFIPS"
                                                },
                                                true
                                            ]
                                        }
                                    ],
                                    "error": "Invalid Configuration: FIPS and custom endpoint are not supported",
                                    "type": "error"
                                },
                                {
                                    "conditions": [
                                        {
                                            "fn": "booleanEquals",
                                            "argv": [
                                                {
                                                    "ref": "UseDualStack"
                                                },
                                                true
                                            ]
                                        }
                                    ],
                                    "error": "Invalid Configuration: Dualstack and custom endpoint are not supported",
                                    "type": "error"
                                },
                                {
                                    "conditions": [],
                                    "endpoint": {
                                        "url": {
                                            "ref": "Endpoint"
                                        },
                                        "properties": {},
                                        "headers": {}
                                    },
                                    "type": "endpoint"
                                }
                            ],
                            "type": "tree"
                        },
                        {
                            "conditions": [
                                {
                                    "fn": "isSet",
                                    "argv": [
                                        {
                                            "ref": "Region"
                                        }
                                    ]
                                }
                            ],
                            "rules": [
                                {
                                    "conditions": [
                                        {
                                            "fn": "aws.partition",
                                            "argv": [
                                                {
                                                    "ref": "Region"
                                                }
                                            ],
                                            "assign": "PartitionResult"
                                        }
                                    ],
                                    "rules": [
                                        {
                                            "conditions": [
                                                {
                                                    "fn": "booleanEquals",
                                                    "argv": [
                                                        {
                                                            "ref": "UseFIPS"
                                                        },
                                                        true
                                                    ]
                                                },
                                                {
                                                    "fn": "booleanEquals",
                                                    "argv": [
                                                        {
                                                            "ref": "UseDualStack"
                                                        },
                                                        true
                                                    ]
                                                }
                                            ],
                                            "rules": [
                                                {
                                                    "conditions": [
                                                        {
                                                            "fn": "booleanEquals",
                                                            "argv": [
                                                                true,
                                                                {
                                                                    "fn": "getAttr",
                                                                    "argv": [
                                                                        {
                                                                            "ref": "PartitionResult"
                                                                        },
                                                                        "supportsFIPS"
                                                                    ]
                                                                }
                                                            ]
                                                        },
                                                        {
                                                            "fn": "booleanEquals",
                                                            "argv": [
                                                                true,
                                                                {
                                                                    "fn": "getAttr",
                                                                    "argv": [
                                                                        {
                                                                            "ref": "PartitionResult"
                                                                        },
                                                                        "supportsDualStack"
                                                                    ]
                                                                }
                                                            ]
                                                        }
                                                    ],
                                                    "rules": [
                                                        {
                                                            "conditions": [],
                                                            "endpoint": {
                                                                "url": "https://appconfigdata-fips.{Region}.{PartitionResult#dualStackDnsSuffix}",
                                                                "properties": {},
                                                                "headers": {}
                                                            },
                                                            "type": "endpoint"
                                                        }
                                                    ],
                                                    "type": "tree"
                                                },
                                                {
                                                    "conditions": [],
                                                    "error": "FIPS and DualStack are enabled, but this partition does not support one or both",
                                                    "type": "error"
                                                }
                                            ],
                                            "type": "tree"
                                        },
                                        {
                                            "conditions": [
                                                {
                                                    "fn": "booleanEquals",
                                                    "argv": [
                                                        {
                                                            "ref": "UseFIPS"
                                                        },
                                                        true
                                                    ]
                                                }
                                            ],
                                            "rules": [
                                                {
                                                    "conditions": [
                                                        {
                                                            "fn": "booleanEquals",
                                                            "argv": [
                                                                {
                                                                    "fn": "getAttr",
                                                                    "argv": [
                                                                        {
                                                                            "ref": "PartitionResult"
                                                                        },
                                                                        "supportsFIPS"
                                                                    ]
                                                                },
                                                                true
                                                            ]
                                                        }
                                                    ],
                                                    "rules": [
                                                        {
                                                            "conditions": [
                                                                {
                                                                    "fn": "stringEquals",
                                                                    "argv": [
                                                                        {
                                                                            "fn": "getAttr",
                                                                            "argv": [
                                                                                {
                                                                                    "ref": "PartitionResult"
                                                                                },
                                                                                "name"
                                                                            ]
                                                                        },
                                                                        "aws-us-gov"
                                                                    ]
                                                                }
                                                            ],
                                                            "endpoint": {
                                                                "url": "https://appconfigdata.{Region}.amazonaws.com",
                                                                "properties": {},
                                                                "headers": {}
                                                            },
                                                            "type": "endpoint"
                                                        },
                                                        {
                                                            "conditions": [],
                                                            "endpoint": {
                                                                "url": "https://appconfigdata-fips.{Region}.{PartitionResult#dnsSuffix}",
                                                                "properties": {},
                                                                "headers": {}
                                                            },
                                                            "type": "endpoint"
                                                        }
                                                    ],
                                                    "type": "tree"
                                                },
                                                {
                                                    "conditions": [],
                                                    "error": "FIPS is enabled but this partition does not support FIPS",
                                                    "type": "error"
                                                }
                                            ],
                                            "type": "tree"
                                        },
                                        {
                                            "conditions": [
                                                {
                                                    "fn": "booleanEquals",
                                                    "argv": [
                                                        {
                                                            "ref": "UseDualStack"
                                                        },
                                                        true
                                                    ]
                                                }
                                            ],
                                            "rules": [
                                                {
                                                    "conditions": [
                                                        {
                                                            "fn": "booleanEquals",
                                                            "argv": [
                                                                true,
                                                                {
                                                                    "fn": "getAttr",
                                                                    "argv": [
                                                                        {
                                                                            "ref": "PartitionResult"
                                                                        },
                                                                        "supportsDualStack"
                                                                    ]
                                                                }
                                                            ]
                                                        }
                                                    ],
                                                    "rules": [
                                                        {
                                                            "conditions": [],
                                                            "endpoint": {
                                                                "url": "https://appconfigdata.{Region}.{PartitionResult#dualStackDnsSuffix}",
                                                                "properties": {},
                                                                "headers": {}
                                                            },
                                                            "type": "endpoint"
                                                        }
                                                    ],
                                                    "type": "tree"
                                                },
                                                {
                                                    "conditions": [],
                                                    "error": "DualStack is enabled but this partition does not support DualStack",
                                                    "type": "error"
                                                }
                                            ],
                                            "type": "tree"
                                        },
                                        {
                                            "conditions": [],
                                            "endpoint": {
                                                "url": "https://appconfigdata.{Region}.{PartitionResult#dnsSuffix}",
                                                "properties": {},
                                                "headers": {}
                                            },
                                            "type": "endpoint"
                                        }
                                    ],
                                    "type": "tree"
                                }
                            ],
                            "type": "tree"
                        },
                        {
                            "conditions": [],
                            "error": "Invalid Configuration: Missing Region",
                            "type": "error"
                        }
                    ]
                },
                "smithy.rules#endpointTests": {
                    "testCases": [
                        {
                            "documentation": "For region af-south-1 with FIPS disabled and DualStack disabled",
                            "expect": {
                                "endpoint": {
                                    "url": "https://appconfigdata.af-south-1.amazonaws.com"
                                }
                            },
                            "params": {
                                "Region": "af-south-1",
                                "UseFIPS": false,
                                "UseDualStack": false
                            }
                        },
                        {
                            "documentation": "For region ap-east-1 with FIPS disabled and DualStack disabled",
                            "expect": {
                                "endpoint": {
                                    "url": "https://appconfigdata.ap-east-1.amazonaws.com"
                                }
                            },
                            "params": {
                                "Region": "ap-east-1",
                                "UseFIPS": false,
                                "UseDualStack": false
                            }
                        },
                        {
                            "documentation": "For region ap-northeast-1 with FIPS disabled and DualStack disabled",
                            "expect": {
                                "endpoint": {
                                    "url": "https://appconfigdata.ap-northeast-1.amazonaws.com"
                                }
                            },
                            "params": {
                                "Region": "ap-northeast-1",
                                "UseFIPS": false,
                                "UseDualStack": false
                            }
                        },
                        {
                            "documentation": "For region ap-northeast-2 with FIPS disabled and DualStack disabled",
                            "expect": {
                                "endpoint": {
                                    "url": "https://appconfigdata.ap-northeast-2.amazonaws.com"
                                }
                            },
                            "params": {
                                "Region": "ap-northeast-2",
                                "UseFIPS": false,
                                "UseDualStack": false
                            }
                        },
                        {
                            "documentation": "For region ap-northeast-3 with FIPS disabled and DualStack disabled",
                            "expect": {
                                "endpoint": {
                                    "url": "https://appconfigdata.ap-northeast-3.amazonaws.com"
                                }
                            },
                            "params": {
                                "Region": "ap-northeast-3",
                                "UseFIPS": false,
                                "UseDualStack": false
                            }
                        },
                        {
                            "documentation": "For region ap-south-1 with FIPS disabled and DualStack disabled",
                            "expect": {
                                "endpoint": {
                                    "url": "https://appconfigdata.ap-south-1.amazonaws.com"
                                }
                            },
                            "params": {
                                "Region": "ap-south-1",
                                "UseFIPS": false,
                                "UseDualStack": false
                            }
                        },
                        {
                            "documentation": "For region ap-southeast-1 with FIPS disabled and DualStack disabled",
                            "expect": {
                                "endpoint": {
                                    "url": "https://appconfigdata.ap-southeast-1.amazonaws.com"
                                }
                            },
                            "params": {
                                "Region": "ap-southeast-1",
                                "UseFIPS": false,
                                "UseDualStack": false
                            }
                        },
                        {
                            "documentation": "For region ap-southeast-2 with FIPS disabled and DualStack disabled",
                            "expect": {
                                "endpoint": {
                                    "url": "https://appconfigdata.ap-southeast-2.amazonaws.com"
                                }
                            },
                            "params": {
                                "Region": "ap-southeast-2",
                                "UseFIPS": false,
                                "UseDualStack": false
                            }
                        },
                        {
                            "documentation": "For region ca-central-1 with FIPS disabled and DualStack disabled",
                            "expect": {
                                "endpoint": {
                                    "url": "https://appconfigdata.ca-central-1.amazonaws.com"
                                }
                            },
                            "params": {
                                "Region": "ca-central-1",
                                "UseFIPS": false,
                                "UseDualStack": false
                            }
                        },
                        {
                            "documentation": "For region eu-central-1 with FIPS disabled and DualStack disabled",
                            "expect": {
                                "endpoint": {
                                    "url": "https://appconfigdata.eu-central-1.amazonaws.com"
                                }
                            },
                            "params": {
                                "Region": "eu-central-1",
                                "UseFIPS": false,
                                "UseDualStack": false
                            }
                        },
                        {
                            "documentation": "For region eu-north-1 with FIPS disabled and DualStack disabled",
                            "expect": {
                                "endpoint": {
                                    "url": "https://appconfigdata.eu-north-1.amazonaws.com"
                                }
                            },
                            "params": {
                                "Region": "eu-north-1",
                                "UseFIPS": false,
                                "UseDualStack": false
                            }
                        },
                        {
                            "documentation": "For region eu-south-1 with FIPS disabled and DualStack disabled",
                            "expect": {
                                "endpoint": {
                                    "url": "https://appconfigdata.eu-south-1.amazonaws.com"
                                }
                            },
                            "params": {
                                "Region": "eu-south-1",
                                "UseFIPS": false,
                                "UseDualStack": false
                            }
                        },
                        {
                            "documentation": "For region eu-west-1 with FIPS disabled and DualStack disabled",
                            "expect": {
                                "endpoint": {
                                    "url": "https://appconfigdata.eu-west-1.amazonaws.com"
                                }
                            },
                            "params": {
                                "Region": "eu-west-1",
                                "UseFIPS": false,
                                "UseDualStack": false
                            }
                        },
                        {
                            "documentation": "For region eu-west-2 with FIPS disabled and DualStack disabled",
                            "expect": {
                                "endpoint": {
                                    "url": "https://appconfigdata.eu-west-2.amazonaws.com"
                                }
                            },
                            "params": {
                                "Region": "eu-west-2",
                                "UseFIPS": false,
                                "UseDualStack": false
                            }
                        },
                        {
                            "documentation": "For region eu-west-3 with FIPS disabled and DualStack disabled",
                            "expect": {
                                "endpoint": {
                                    "url": "https://appconfigdata.eu-west-3.amazonaws.com"
                                }
                            },
                            "params": {
                                "Region": "eu-west-3",
                                "UseFIPS": false,
                                "UseDualStack": false
                            }
                        },
                        {
                            "documentation": "For region me-south-1 with FIPS disabled and DualStack disabled",
                            "expect": {
                                "endpoint": {
                                    "url": "https://appconfigdata.me-south-1.amazonaws.com"
                                }
                            },
                            "params": {
                                "Region": "me-south-1",
                                "UseFIPS": false,
                                "UseDualStack": false
                            }
                        },
                        {
                            "documentation": "For region sa-east-1 with FIPS disabled and DualStack disabled",
                            "expect": {
                                "endpoint": {
                                    "url": "https://appconfigdata.sa-east-1.amazonaws.com"
                                }
                            },
                            "params": {
                                "Region": "sa-east-1",
                                "UseFIPS": false,
                                "UseDualStack": false
                            }
                        },
                        {
                            "documentation": "For region us-east-1 with FIPS disabled and DualStack disabled",
                            "expect": {
                                "endpoint": {
                                    "url": "https://appconfigdata.us-east-1.amazonaws.com"
                                }
                            },
                            "params": {
                                "Region": "us-east-1",
                                "UseFIPS": false,
                                "UseDualStack": false
                            }
                        },
                        {
                            "documentation": "For region us-east-2 with FIPS disabled and DualStack disabled",
                            "expect": {
                                "endpoint": {
                                    "url": "https://appconfigdata.us-east-2.amazonaws.com"
                                }
                            },
                            "params": {
                                "Region": "us-east-2",
                                "UseFIPS": false,
                                "UseDualStack": false
                            }
                        },
                        {
                            "documentation": "For region us-west-1 with FIPS disabled and DualStack disabled",
                            "expect": {
                                "endpoint": {
                                    "url": "https://appconfigdata.us-west-1.amazonaws.com"
                                }
                            },
                            "params": {
                                "Region": "us-west-1",
                                "UseFIPS": false,
                                "UseDualStack": false
                            }
                        },
                        {
                            "documentation": "For region us-west-2 with FIPS disabled and DualStack disabled",
                            "expect": {
                                "endpoint": {
                                    "url": "https://appconfigdata.us-west-2.amazonaws.com"
                                }
                            },
                            "params": {
                                "Region": "us-west-2",
                                "UseFIPS": false,
                                "UseDualStack": false
                            }
                        },
                        {
                            "documentation": "For region us-east-1 with FIPS enabled and DualStack enabled",
                            "expect": {
                                "endpoint": {
                                    "url": "https://appconfigdata-fips.us-east-1.api.aws"
                                }
                            },
                            "params": {
                                "Region": "us-east-1",
                                "UseFIPS": true,
                                "UseDualStack": true
                            }
                        },
                        {
                            "documentation": "For region us-east-1 with FIPS enabled and DualStack disabled",
                            "expect": {
                                "endpoint": {
                                    "url": "https://appconfigdata-fips.us-east-1.amazonaws.com"
                                }
                            },
                            "params": {
                                "Region": "us-east-1",
                                "UseFIPS": true,
                                "UseDualStack": false
                            }
                        },
                        {
                            "documentation": "For region us-east-1 with FIPS disabled and DualStack enabled",
                            "expect": {
                                "endpoint": {
                                    "url": "https://appconfigdata.us-east-1.api.aws"
                                }
                            },
                            "params": {
                                "Region": "us-east-1",
                                "UseFIPS": false,
                                "UseDualStack": true
                            }
                        },
                        {
                            "documentation": "For region cn-north-1 with FIPS disabled and DualStack disabled",
                            "expect": {
                                "endpoint": {
                                    "url": "https://appconfigdata.cn-north-1.amazonaws.com.cn"
                                }
                            },
                            "params": {
                                "Region": "cn-north-1",
                                "UseFIPS": false,
                                "UseDualStack": false
                            }
                        },
                        {
                            "documentation": "For region cn-northwest-1 with FIPS disabled and DualStack disabled",
                            "expect": {
                                "endpoint": {
                                    "url": "https://appconfigdata.cn-northwest-1.amazonaws.com.cn"
                                }
                            },
                            "params": {
                                "Region": "cn-northwest-1",
                                "UseFIPS": false,
                                "UseDualStack": false
                            }
                        },
                        {
                            "documentation": "For region cn-north-1 with FIPS enabled and DualStack enabled",
                            "expect": {
                                "endpoint": {
                                    "url": "https://appconfigdata-fips.cn-north-1.api.amazonwebservices.com.cn"
                                }
                            },
                            "params": {
                                "Region": "cn-north-1",
                                "UseFIPS": true,
                                "UseDualStack": true
                            }
                        },
                        {
                            "documentation": "For region cn-north-1 with FIPS enabled and DualStack disabled",
                            "expect": {
                                "endpoint": {
                                    "url": "https://appconfigdata-fips.cn-north-1.amazonaws.com.cn"
                                }
                            },
                            "params": {
                                "Region": "cn-north-1",
                                "UseFIPS": true,
                                "UseDualStack": false
                            }
                        },
                        {
                            "documentation": "For region cn-north-1 with FIPS disabled and DualStack enabled",
                            "expect": {
                                "endpoint": {
                                    "url": "https://appconfigdata.cn-north-1.api.amazonwebservices.com.cn"
                                }
                            },
                            "params": {
                                "Region": "cn-north-1",
                                "UseFIPS": false,
                                "UseDualStack": true
                            }
                        },
                        {
                            "documentation": "For region us-gov-east-1 with FIPS disabled and DualStack disabled",
                            "expect": {
                                "endpoint": {
                                    "url": "https://appconfigdata.us-gov-east-1.amazonaws.com"
                                }
                            },
                            "params": {
                                "Region": "us-gov-east-1",
                                "UseFIPS": false,
                                "UseDualStack": false
                            }
                        },
                        {
                            "documentation": "For region us-gov-west-1 with FIPS disabled and DualStack disabled",
                            "expect": {
                                "endpoint": {
                                    "url": "https://appconfigdata.us-gov-west-1.amazonaws.com"
                                }
                            },
                            "params": {
                                "Region": "us-gov-west-1",
                                "UseFIPS": false,
                                "UseDualStack": false
                            }
                        },
                        {
                            "documentation": "For region us-gov-east-1 with FIPS enabled and DualStack enabled",
                            "expect": {
                                "endpoint": {
                                    "url": "https://appconfigdata-fips.us-gov-east-1.api.aws"
                                }
                            },
                            "params": {
                                "Region": "us-gov-east-1",
                                "UseFIPS": true,
                                "UseDualStack": true
                            }
                        },
                        {
                            "documentation": "For region us-gov-east-1 with FIPS enabled and DualStack disabled",
                            "expect": {
                                "endpoint": {
                                    "url": "https://appconfigdata.us-gov-east-1.amazonaws.com"
                                }
                            },
                            "params": {
                                "Region": "us-gov-east-1",
                                "UseFIPS": true,
                                "UseDualStack": false
                            }
                        },
                        {
                            "documentation": "For region us-gov-east-1 with FIPS disabled and DualStack enabled",
                            "expect": {
                                "endpoint": {
                                    "url": "https://appconfigdata.us-gov-east-1.api.aws"
                                }
                            },
                            "params": {
                                "Region": "us-gov-east-1",
                                "UseFIPS": false,
                                "UseDualStack": true
                            }
                        },
                        {
                            "documentation": "For region us-iso-west-1 with FIPS disabled and DualStack disabled",
                            "expect": {
                                "endpoint": {
                                    "url": "https://appconfigdata.us-iso-west-1.c2s.ic.gov"
                                }
                            },
                            "params": {
                                "Region": "us-iso-west-1",
                                "UseFIPS": false,
                                "UseDualStack": false
                            }
                        },
                        {
                            "documentation": "For region us-iso-east-1 with FIPS enabled and DualStack enabled",
                            "expect": {
                                "error": "FIPS and DualStack are enabled, but this partition does not support one or both"
                            },
                            "params": {
                                "Region": "us-iso-east-1",
                                "UseFIPS": true,
                                "UseDualStack": true
                            }
                        },
                        {
                            "documentation": "For region us-iso-east-1 with FIPS enabled and DualStack disabled",
                            "expect": {
                                "endpoint": {
                                    "url": "https://appconfigdata-fips.us-iso-east-1.c2s.ic.gov"
                                }
                            },
                            "params": {
                                "Region": "us-iso-east-1",
                                "UseFIPS": true,
                                "UseDualStack": false
                            }
                        },
                        {
                            "documentation": "For region us-iso-east-1 with FIPS disabled and DualStack enabled",
                            "expect": {
                                "error": "DualStack is enabled but this partition does not support DualStack"
                            },
                            "params": {
                                "Region": "us-iso-east-1",
                                "UseFIPS": false,
                                "UseDualStack": true
                            }
                        },
                        {
                            "documentation": "For region us-iso-east-1 with FIPS disabled and DualStack disabled",
                            "expect": {
                                "endpoint": {
                                    "url": "https://appconfigdata.us-iso-east-1.c2s.ic.gov"
                                }
                            },
                            "params": {
                                "Region": "us-iso-east-1",
                                "UseFIPS": false,
                                "UseDualStack": false
                            }
                        },
                        {
                            "documentation": "For region us-isob-east-1 with FIPS enabled and DualStack enabled",
                            "expect": {
                                "error": "FIPS and DualStack are enabled, but this partition does not support one or both"
                            },
                            "params": {
                                "Region": "us-isob-east-1",
                                "UseFIPS": true,
                                "UseDualStack": true
                            }
                        },
                        {
                            "documentation": "For region us-isob-east-1 with FIPS enabled and DualStack disabled",
                            "expect": {
                                "endpoint": {
                                    "url": "https://appconfigdata-fips.us-isob-east-1.sc2s.sgov.gov"
                                }
                            },
                            "params": {
                                "Region": "us-isob-east-1",
                                "UseFIPS": true,
                                "UseDualStack": false
                            }
                        },
                        {
                            "documentation": "For region us-isob-east-1 with FIPS disabled and DualStack enabled",
                            "expect": {
                                "error": "DualStack is enabled but this partition does not support DualStack"
                            },
                            "params": {
                                "Region": "us-isob-east-1",
                                "UseFIPS": false,
                                "UseDualStack": true
                            }
                        },
                        {
                            "documentation": "For region us-isob-east-1 with FIPS disabled and DualStack disabled",
                            "expect": {
                                "endpoint": {
                                    "url": "https://appconfigdata.us-isob-east-1.sc2s.sgov.gov"
                                }
                            },
                            "params": {
                                "Region": "us-isob-east-1",
                                "UseFIPS": false,
                                "UseDualStack": false
                            }
                        },
                        {
                            "documentation": "For custom endpoint with region set and fips disabled and dualstack disabled",
                            "expect": {
                                "endpoint": {
                                    "url": "https://example.com"
                                }
                            },
                            "params": {
                                "Region": "us-east-1",
                                "UseFIPS": false,
                                "UseDualStack": false,
                                "Endpoint": "https://example.com"
                            }
                        },
                        {
                            "documentation": "For custom endpoint with region not set and fips disabled and dualstack disabled",
                            "expect": {
                                "endpoint": {
                                    "url": "https://example.com"
                                }
                            },
                            "params": {
                                "UseFIPS": false,
                                "UseDualStack": false,
                                "Endpoint": "https://example.com"
                            }
                        },
                        {
                            "documentation": "For custom endpoint with fips enabled and dualstack disabled",
                            "expect": {
                                "error": "Invalid Configuration: FIPS and custom endpoint are not supported"
                            },
                            "params": {
                                "Region": "us-east-1",
                                "UseFIPS": true,
                                "UseDualStack": false,
                                "Endpoint": "https://example.com"
                            }
                        },
                        {
                            "documentation": "For custom endpoint with fips disabled and dualstack enabled",
                            "expect": {
                                "error": "Invalid Configuration: Dualstack and custom endpoint are not supported"
                            },
                            "params": {
                                "Region": "us-east-1",
                                "UseFIPS": false,
                                "UseDualStack": true,
                                "Endpoint": "https://example.com"
                            }
                        },
                        {
                            "documentation": "Missing region",
                            "expect": {
                                "error": "Invalid Configuration: Missing Region"
                            }
                        }
                    ],
                    "version": "1.0"
                }
            }
        },
        "com.amazonaws.appconfigdata#BadRequestDetails": {
            "type": "union",
            "members": {
                "InvalidParameters": {
                    "target": "com.amazonaws.appconfigdata#InvalidParameterMap",
                    "traits": {
                        "smithy.api#documentation": "<p>One or more specified parameters are not valid for the call.</p>"
                    }
                }
            },
            "traits": {
                "smithy.api#documentation": "<p>Detailed information about the input that failed to satisfy the constraints specified by\n         a call.</p>"
            }
        },
        "com.amazonaws.appconfigdata#BadRequestException": {
            "type": "structure",
            "members": {
                "Message": {
                    "target": "com.amazonaws.appconfigdata#String"
                },
                "Reason": {
                    "target": "com.amazonaws.appconfigdata#BadRequestReason",
                    "traits": {
                        "smithy.api#documentation": "<p>Code indicating the reason the request was invalid.</p>"
                    }
                },
                "Details": {
                    "target": "com.amazonaws.appconfigdata#BadRequestDetails",
                    "traits": {
                        "smithy.api#documentation": "<p>Details describing why the request was invalid.</p>"
                    }
                }
            },
            "traits": {
                "smithy.api#documentation": "<p>The input fails to satisfy the constraints specified by the service.</p>",
                "smithy.api#error": "client",
                "smithy.api#httpError": 400
            }
        },
        "com.amazonaws.appconfigdata#BadRequestReason": {
            "type": "string",
            "traits": {
                "smithy.api#enum": [
                    {
                        "value": "InvalidParameters",
                        "name": "INVALID_PARAMETERS",
                        "documentation": "Indicates there was a problem with one or more of the parameters.\nSee InvalidParameters in the BadRequestDetails for more information."
                    }
                ]
            }
        },
        "com.amazonaws.appconfigdata#ConfigurationSession": {
            "type": "resource",
            "identifiers": {
                "SessionId": {
                    "target": "com.amazonaws.appconfigdata#Id"
                }
            },
            "create": {
                "target": "com.amazonaws.appconfigdata#StartConfigurationSession"
            }
        },
        "com.amazonaws.appconfigdata#GetLatestConfiguration": {
            "type": "operation",
            "input": {
                "target": "com.amazonaws.appconfigdata#GetLatestConfigurationRequest"
            },
            "output": {
                "target": "com.amazonaws.appconfigdata#GetLatestConfigurationResponse"
            },
            "errors": [
                {
                    "target": "com.amazonaws.appconfigdata#BadRequestException"
                },
                {
                    "target": "com.amazonaws.appconfigdata#InternalServerException"
                },
                {
                    "target": "com.amazonaws.appconfigdata#ResourceNotFoundException"
                },
                {
                    "target": "com.amazonaws.appconfigdata#ThrottlingException"
                }
            ],
            "traits": {
                "smithy.api#documentation": "<p>Retrieves the latest deployed configuration. This API may return empty configuration\n         data if the client already has the latest version. For more information about this API\n         action and to view example CLI commands that show how to use it with the <a>StartConfigurationSession</a> API action, see <a href=\"http://docs.aws.amazon.com/appconfig/latest/userguide/appconfig-retrieving-the-configuration\">Retrieving the\n            configuration</a> in the <i>AppConfig User Guide</i>. </p>\n         <important>\n            <p>Note the following important information.</p>\n            <ul>\n               <li>\n                  <p>Each configuration token is only valid for one call to\n                     <code>GetLatestConfiguration</code>. The <code>GetLatestConfiguration</code>\n                  response includes a <code>NextPollConfigurationToken</code> that should always\n                  replace the token used for the just-completed call in preparation for the next\n                  one. </p>\n               </li>\n               <li>\n                  <p>\n                     <code>GetLatestConfiguration</code> is a priced call. For more information, see\n                     <a href=\"https://aws.amazon.com/systems-manager/pricing/\">Pricing</a>.</p>\n               </li>\n            </ul>\n         </important>",
                "smithy.api#http": {
                    "method": "GET",
                    "uri": "/configuration",
                    "code": 200
                },
                "smithy.api#readonly": {}
            }
        },
        "com.amazonaws.appconfigdata#GetLatestConfigurationRequest": {
            "type": "structure",
            "members": {
                "ConfigurationToken": {
                    "target": "com.amazonaws.appconfigdata#Token",
                    "traits": {
                        "smithy.api#documentation": "<p>Token describing the current state of the configuration session. To obtain a token,\n         first call the <a>StartConfigurationSession</a> API. Note that every call to\n            <code>GetLatestConfiguration</code> will return a new <code>ConfigurationToken</code>\n            (<code>NextPollConfigurationToken</code> in the response) and <i>must</i>\n         be provided to subsequent <code>GetLatestConfiguration</code> API calls.</p>\n         <important>\n            <p>This token should only be used once. To support long poll\n            use cases, the token is valid for up to 24 hours. If a\n            <code>GetLatestConfiguration</code> call uses an expired token, the system returns\n            <code>BadRequestException</code>.</p>\n         </important>",
                        "smithy.api#httpQuery": "configuration_token",
                        "smithy.api#required": {}
                    }
                }
            }
        },
        "com.amazonaws.appconfigdata#GetLatestConfigurationResponse": {
            "type": "structure",
            "members": {
                "NextPollConfigurationToken": {
                    "target": "com.amazonaws.appconfigdata#Token",
                    "traits": {
                        "smithy.api#documentation": "<p>The latest token describing the current state of the configuration session. This\n            <i>must</i> be provided to the next call to\n            <code>GetLatestConfiguration.</code>\n         </p>\n         <important>\n            <p>This token should only be used once. To support long poll\n            use cases, the token is valid for up to 24 hours. If a\n            <code>GetLatestConfiguration</code> call uses an expired token, the system returns\n            <code>BadRequestException</code>.</p>\n         </important>",
                        "smithy.api#httpHeader": "Next-Poll-Configuration-Token"
                    }
                },
                "NextPollIntervalInSeconds": {
                    "target": "com.amazonaws.appconfigdata#Integer",
                    "traits": {
                        "smithy.api#default": 0,
                        "smithy.api#documentation": "<p>The amount of time the client should wait before polling for configuration updates\n         again. Use <code>RequiredMinimumPollIntervalInSeconds</code> to set the desired poll\n         interval.</p>",
                        "smithy.api#httpHeader": "Next-Poll-Interval-In-Seconds"
                    }
                },
                "ContentType": {
                    "target": "com.amazonaws.appconfigdata#String",
                    "traits": {
                        "smithy.api#documentation": "<p>A standard MIME type describing the format of the configuration content.</p>",
                        "smithy.api#httpHeader": "Content-Type"
                    }
                },
                "Configuration": {
                    "target": "com.amazonaws.appconfigdata#SensitiveBlob",
                    "traits": {
                        "smithy.api#documentation": "<p>The data of the configuration. This may be empty if the client already has the latest\n         version of configuration.</p>",
                        "smithy.api#httpPayload": {}
                    }
                },
                "VersionLabel": {
                    "target": "com.amazonaws.appconfigdata#String",
                    "traits": {
                        "smithy.api#documentation": "<p>The user-defined label for the AppConfig hosted configuration version. This attribute doesn't apply if the configuration is not from an AppConfig hosted configuration version. If the client already has the latest version of the configuration data, this value is empty.</p>",
                        "smithy.api#httpHeader": "Version-Label"
                    }
                }
            }
        },
        "com.amazonaws.appconfigdata#Id": {
            "type": "string",
            "traits": {
                "smithy.api#pattern": "^[a-z0-9]{7}$"
            }
        },
        "com.amazonaws.appconfigdata#Identifier": {
            "type": "string",
            "traits": {
                "smithy.api#length": {
                    "min": 1,
                    "max": 128
                }
            }
        },
        "com.amazonaws.appconfigdata#Integer": {
            "type": "integer",
            "traits": {
                "smithy.api#default": 0
            }
        },
        "com.amazonaws.appconfigdata#InternalServerException": {
            "type": "structure",
            "members": {
                "Message": {
                    "target": "com.amazonaws.appconfigdata#String"
                }
            },
            "traits": {
                "smithy.api#documentation": "<p>There was an internal failure in the service.</p>",
                "smithy.api#error": "server",
                "smithy.api#httpError": 500
            }
        },
        "com.amazonaws.appconfigdata#InvalidParameterDetail": {
            "type": "structure",
            "members": {
                "Problem": {
                    "target": "com.amazonaws.appconfigdata#InvalidParameterProblem",
                    "traits": {
                        "smithy.api#documentation": "<p>The reason the parameter is invalid.</p>"
                    }
                }
            },
            "traits": {
                "smithy.api#documentation": "<p>Information about an invalid parameter.</p>"
            }
        },
        "com.amazonaws.appconfigdata#InvalidParameterMap": {
            "type": "map",
            "key": {
                "target": "com.amazonaws.appconfigdata#String"
            },
            "value": {
                "target": "com.amazonaws.appconfigdata#InvalidParameterDetail"
            }
        },
        "com.amazonaws.appconfigdata#InvalidParameterProblem": {
            "type": "string",
            "traits": {
                "smithy.api#enum": [
                    {
                        "value": "Corrupted",
                        "name": "CORRUPTED",
                        "documentation": "The parameter was corrupted and could not be understood by the service."
                    },
                    {
                        "value": "Expired",
                        "name": "EXPIRED",
                        "documentation": "The parameter was expired and can no longer be used."
                    },
                    {
                        "value": "PollIntervalNotSatisfied",
                        "name": "POLL_INTERVAL_NOT_SATISFIED",
                        "documentation": "The client called the service before the time specified in the poll interval."
                    }
                ]
            }
        },
        "com.amazonaws.appconfigdata#OptionalPollSeconds": {
            "type": "integer",
            "traits": {
                "smithy.api#range": {
                    "min": 15,
                    "max": 86400
                }
            }
        },
        "com.amazonaws.appconfigdata#ResourceNotFoundException": {
            "type": "structure",
            "members": {
                "Message": {
                    "target": "com.amazonaws.appconfigdata#String"
                },
                "ResourceType": {
                    "target": "com.amazonaws.appconfigdata#ResourceType",
                    "traits": {
                        "smithy.api#documentation": "<p>The type of resource that was not found.</p>"
                    }
                },
                "ReferencedBy": {
                    "target": "com.amazonaws.appconfigdata#StringMap",
                    "traits": {
                        "smithy.api#documentation": "<p>A map indicating which parameters in the request reference the resource that was not\n         found.</p>"
                    }
                }
            },
            "traits": {
                "smithy.api#documentation": "<p>The requested resource could not be found.</p>",
                "smithy.api#error": "client",
                "smithy.api#httpError": 404
            }
        },
        "com.amazonaws.appconfigdata#ResourceType": {
            "type": "string",
            "traits": {
                "smithy.api#enum": [
                    {
                        "value": "Application",
                        "name": "APPLICATION",
                        "documentation": "Resource type value for the Application resource."
                    },
                    {
                        "value": "ConfigurationProfile",
                        "name": "CONFIGURATION_PROFILE",
                        "documentation": "Resource type value for the ConfigurationProfile resource."
                    },
                    {
                        "value": "Deployment",
                        "name": "DEPLOYMENT",
                        "documentation": "Resource type value for the Deployment resource."
                    },
                    {
                        "value": "Environment",
                        "name": "ENVIRONMENT",
                        "documentation": "Resource type value for the Environment resource."
                    },
                    {
                        "value": "Configuration",
                        "name": "CONFIGURATION",
                        "documentation": "Resource type value for the Configuration resource."
                    }
                ]
            }
        },
        "com.amazonaws.appconfigdata#SensitiveBlob": {
            "type": "blob",
            "traits": {
                "smithy.api#sensitive": {}
            }
        },
        "com.amazonaws.appconfigdata#StartConfigurationSession": {
            "type": "operation",
            "input": {
                "target": "com.amazonaws.appconfigdata#StartConfigurationSessionRequest"
            },
            "output": {
                "target": "com.amazonaws.appconfigdata#StartConfigurationSessionResponse"
            },
            "errors": [
                {
                    "target": "com.amazonaws.appconfigdata#BadRequestException"
                },
                {
                    "target": "com.amazonaws.appconfigdata#InternalServerException"
                },
                {
                    "target": "com.amazonaws.appconfigdata#ResourceNotFoundException"
                },
                {
                    "target": "com.amazonaws.appconfigdata#ThrottlingException"
                }
            ],
            "traits": {
                "smithy.api#documentation": "<p>Starts a configuration session used to retrieve a deployed configuration. For more\n         information about this API action and to view example CLI commands that show how to use\n         it with the <a>GetLatestConfiguration</a> API action, see <a href=\"http://docs.aws.amazon.com/appconfig/latest/userguide/appconfig-retrieving-the-configuration\">Retrieving the\n            configuration</a> in the <i>AppConfig User Guide</i>. </p>",
                "smithy.api#http": {
                    "method": "POST",
                    "uri": "/configurationsessions",
                    "code": 201
                }
            }
        },
        "com.amazonaws.appconfigdata#StartConfigurationSessionRequest": {
            "type": "structure",
            "members": {
                "ApplicationIdentifier": {
                    "target": "com.amazonaws.appconfigdata#Identifier",
                    "traits": {
                        "smithy.api#documentation": "<p>The application ID or the application name.</p>",
                        "smithy.api#required": {}
                    }
                },
                "EnvironmentIdentifier": {
                    "target": "com.amazonaws.appconfigdata#Identifier",
                    "traits": {
                        "smithy.api#documentation": "<p>The environment ID or the environment name.</p>",
                        "smithy.api#required": {}
                    }
                },
                "ConfigurationProfileIdentifier": {
                    "target": "com.amazonaws.appconfigdata#Identifier",
                    "traits": {
                        "smithy.api#documentation": "<p>The configuration profile ID or the configuration profile name.</p>",
                        "smithy.api#required": {}
                    }
                },
                "RequiredMinimumPollIntervalInSeconds": {
                    "target": "com.amazonaws.appconfigdata#OptionalPollSeconds",
                    "traits": {
                        "smithy.api#documentation": "<p>Sets a constraint on a session. If you specify a value of, for example, 60 seconds, then\n         the client that established the session can't call <a>GetLatestConfiguration</a>\n         more frequently than every 60 seconds.</p>"
                    }
                }
            }
        },
        "com.amazonaws.appconfigdata#StartConfigurationSessionResponse": {
            "type": "structure",
            "members": {
                "InitialConfigurationToken": {
                    "target": "com.amazonaws.appconfigdata#Token",
                    "traits": {
                        "smithy.api#documentation": "<p>Token encapsulating state about the configuration session. Provide this token to the\n            <code>GetLatestConfiguration</code> API to retrieve configuration data.</p>\n         <important>\n            <p>This token should only be used once in your first call to\n               <code>GetLatestConfiguration</code>. You <i>must</i> use the new token\n            in the <code>GetLatestConfiguration</code> response\n               (<code>NextPollConfigurationToken</code>) in each subsequent call to\n               <code>GetLatestConfiguration</code>.</p>\n            <p>The <code>InitialConfigurationToken</code> and\n            <code>NextPollConfigurationToken</code> should only be used once. To support long poll\n            use cases, the tokens are valid for up to 24 hours. If a\n            <code>GetLatestConfiguration</code> call uses an expired token, the system returns\n            <code>BadRequestException</code>.</p>\n         </important>"
                    }
                }
            }
        },
        "com.amazonaws.appconfigdata#String": {
            "type": "string"
        },
        "com.amazonaws.appconfigdata#StringMap": {
            "type": "map",
            "key": {
                "target": "com.amazonaws.appconfigdata#String"
            },
            "value": {
                "target": "com.amazonaws.appconfigdata#String"
            }
        },
        "com.amazonaws.appconfigdata#ThrottlingException": {
            "type": "structure",
            "members": {
                "Message": {
                    "target": "com.amazonaws.appconfigdata#String"
                }
            },
            "traits": {
                "smithy.api#documentation": "<p>The request was denied due to request throttling.</p>",
                "smithy.api#error": "client",
                "smithy.api#httpError": 429
            }
        },
        "com.amazonaws.appconfigdata#Token": {
            "type": "string",
            "traits": {
                "smithy.api#pattern": "^\\S{1,8192}$"
            }
        }
    }
}