{
    "smithy": "2.0",
    "shapes": {
        "com.amazonaws.cloudtraildata#AuditEvent": {
            "type": "structure",
            "members": {
                "id": {
                    "target": "com.amazonaws.cloudtraildata#Uuid",
                    "traits": {
                        "smithy.api#documentation": "<p>The original event ID from the source event.</p>",
                        "smithy.api#required": {}
                    }
                },
                "eventData": {
                    "target": "smithy.api#String",
                    "traits": {
                        "smithy.api#documentation": "<p>The content of an audit event that comes from the event, such as <code>userIdentity</code>, \n         <code>userAgent</code>, and <code>eventSource</code>.</p>",
                        "smithy.api#required": {}
                    }
                },
                "eventDataChecksum": {
                    "target": "smithy.api#String",
                    "traits": {
                        "smithy.api#documentation": "<p>A checksum is a base64-SHA256 algorithm that helps you verify that CloudTrail receives the event that matches \n         with the checksum. Calculate the checksum by running a command like the following:</p>\n         <p>\n            <code>printf %s <i>$eventdata</i> | openssl dgst -binary -sha256 | base64</code>\n         </p>"
                    }
                }
            },
            "traits": {
                "smithy.api#documentation": "<p>An event from a source outside of Amazon Web Services that you want CloudTrail \n      to log.</p>"
            }
        },
        "com.amazonaws.cloudtraildata#AuditEventResultEntries": {
            "type": "list",
            "member": {
                "target": "com.amazonaws.cloudtraildata#AuditEventResultEntry"
            },
            "traits": {
                "smithy.api#length": {
                    "min": 0,
                    "max": 100
                }
            }
        },
        "com.amazonaws.cloudtraildata#AuditEventResultEntry": {
            "type": "structure",
            "members": {
                "id": {
                    "target": "com.amazonaws.cloudtraildata#Uuid",
                    "traits": {
                        "smithy.api#documentation": "<p>The original event ID from the source event.</p>",
                        "smithy.api#required": {}
                    }
                },
                "eventID": {
                    "target": "com.amazonaws.cloudtraildata#Uuid",
                    "traits": {
                        "smithy.api#documentation": "<p>The event ID assigned by CloudTrail.</p>",
                        "smithy.api#required": {}
                    }
                }
            },
            "traits": {
                "smithy.api#documentation": "<p>A response that includes successful and failed event results.</p>"
            }
        },
        "com.amazonaws.cloudtraildata#AuditEvents": {
            "type": "list",
            "member": {
                "target": "com.amazonaws.cloudtraildata#AuditEvent"
            },
            "traits": {
                "smithy.api#length": {
                    "min": 1,
                    "max": 100
                }
            }
        },
        "com.amazonaws.cloudtraildata#ChannelArn": {
            "type": "string",
            "traits": {
                "aws.api#arnReference": {},
                "smithy.api#pattern": "^arn:.*$"
            }
        },
        "com.amazonaws.cloudtraildata#ChannelInsufficientPermission": {
            "type": "structure",
            "members": {
                "message": {
                    "target": "smithy.api#String"
                }
            },
            "traits": {
                "smithy.api#documentation": "<p>The caller's account ID must be the same as the channel owner's account ID.</p>",
                "smithy.api#error": "client"
            }
        },
        "com.amazonaws.cloudtraildata#ChannelNotFound": {
            "type": "structure",
            "members": {
                "message": {
                    "target": "smithy.api#String"
                }
            },
            "traits": {
                "smithy.api#documentation": "<p>The channel could not be found.</p>",
                "smithy.api#error": "client"
            }
        },
        "com.amazonaws.cloudtraildata#ChannelUnsupportedSchema": {
            "type": "structure",
            "members": {
                "message": {
                    "target": "smithy.api#String"
                }
            },
            "traits": {
                "smithy.api#documentation": "<p>The schema type of the event is not supported.</p>",
                "smithy.api#error": "client"
            }
        },
        "com.amazonaws.cloudtraildata#CloudTrailDataService": {
            "type": "service",
            "version": "2021-08-11",
            "operations": [
                {
                    "target": "com.amazonaws.cloudtraildata#PutAuditEvents"
                }
            ],
            "traits": {
                "aws.api#service": {
                    "sdkId": "CloudTrail Data",
                    "endpointPrefix": "cloudtrail-data"
                },
                "aws.auth#sigv4": {
                    "name": "cloudtrail-data"
                },
                "aws.protocols#restJson1": {},
                "smithy.api#cors": {},
                "smithy.api#documentation": "<p>The CloudTrail Data Service lets you ingest events into CloudTrail from any source in your\nhybrid environments, such as in-house or SaaS applications hosted on-premises or in the cloud,\nvirtual machines, or containers. You can store, access, analyze, troubleshoot and take action on\nthis data without maintaining multiple log aggregators and reporting tools. After you run \n<code>PutAuditEvents</code> to ingest your application activity into CloudTrail, you can use CloudTrail Lake to search, query, and analyze the data that is logged\nfrom your applications.</p>",
                "smithy.api#title": "AWS CloudTrail Data Service",
                "smithy.rules#endpointRuleSet": {
                    "version": "1.0",
                    "parameters": {
                        "Region": {
                            "builtIn": "AWS::Region",
                            "required": false,
                            "documentation": "The AWS region used to dispatch the request.",
                            "type": "String"
                        },
                        "UseDualStack": {
                            "builtIn": "AWS::UseDualStack",
                            "required": true,
                            "default": false,
                            "documentation": "When true, use the dual-stack endpoint. If the configured endpoint does not support dual-stack, dispatching the request MAY return an error.",
                            "type": "Boolean"
                        },
                        "UseFIPS": {
                            "builtIn": "AWS::UseFIPS",
                            "required": true,
                            "default": false,
                            "documentation": "When true, send this request to the FIPS-compliant regional endpoint. If the configured endpoint does not have a FIPS compliant endpoint, dispatching the request will return an error.",
                            "type": "Boolean"
                        },
                        "Endpoint": {
                            "builtIn": "SDK::Endpoint",
                            "required": false,
                            "documentation": "Override the endpoint used to send this request",
                            "type": "String"
                        }
                    },
                    "rules": [
                        {
                            "conditions": [
                                {
                                    "fn": "isSet",
                                    "argv": [
                                        {
                                            "ref": "Endpoint"
                                        }
                                    ]
                                }
                            ],
                            "type": "tree",
                            "rules": [
                                {
                                    "conditions": [
                                        {
                                            "fn": "booleanEquals",
                                            "argv": [
                                                {
                                                    "ref": "UseFIPS"
                                                },
                                                true
                                            ]
                                        }
                                    ],
                                    "error": "Invalid Configuration: FIPS and custom endpoint are not supported",
                                    "type": "error"
                                },
                                {
                                    "conditions": [],
                                    "type": "tree",
                                    "rules": [
                                        {
                                            "conditions": [
                                                {
                                                    "fn": "booleanEquals",
                                                    "argv": [
                                                        {
                                                            "ref": "UseDualStack"
                                                        },
                                                        true
                                                    ]
                                                }
                                            ],
                                            "error": "Invalid Configuration: Dualstack and custom endpoint are not supported",
                                            "type": "error"
                                        },
                                        {
                                            "conditions": [],
                                            "endpoint": {
                                                "url": {
                                                    "ref": "Endpoint"
                                                },
                                                "properties": {},
                                                "headers": {}
                                            },
                                            "type": "endpoint"
                                        }
                                    ]
                                }
                            ]
                        },
                        {
                            "conditions": [],
                            "type": "tree",
                            "rules": [
                                {
                                    "conditions": [
                                        {
                                            "fn": "isSet",
                                            "argv": [
                                                {
                                                    "ref": "Region"
                                                }
                                            ]
                                        }
                                    ],
                                    "type": "tree",
                                    "rules": [
                                        {
                                            "conditions": [
                                                {
                                                    "fn": "aws.partition",
                                                    "argv": [
                                                        {
                                                            "ref": "Region"
                                                        }
                                                    ],
                                                    "assign": "PartitionResult"
                                                }
                                            ],
                                            "type": "tree",
                                            "rules": [
                                                {
                                                    "conditions": [
                                                        {
                                                            "fn": "booleanEquals",
                                                            "argv": [
                                                                {
                                                                    "ref": "UseFIPS"
                                                                },
                                                                true
                                                            ]
                                                        },
                                                        {
                                                            "fn": "booleanEquals",
                                                            "argv": [
                                                                {
                                                                    "ref": "UseDualStack"
                                                                },
                                                                true
                                                            ]
                                                        }
                                                    ],
                                                    "type": "tree",
                                                    "rules": [
                                                        {
                                                            "conditions": [
                                                                {
                                                                    "fn": "booleanEquals",
                                                                    "argv": [
                                                                        true,
                                                                        {
                                                                            "fn": "getAttr",
                                                                            "argv": [
                                                                                {
                                                                                    "ref": "PartitionResult"
                                                                                },
                                                                                "supportsFIPS"
                                                                            ]
                                                                        }
                                                                    ]
                                                                },
                                                                {
                                                                    "fn": "booleanEquals",
                                                                    "argv": [
                                                                        true,
                                                                        {
                                                                            "fn": "getAttr",
                                                                            "argv": [
                                                                                {
                                                                                    "ref": "PartitionResult"
                                                                                },
                                                                                "supportsDualStack"
                                                                            ]
                                                                        }
                                                                    ]
                                                                }
                                                            ],
                                                            "type": "tree",
                                                            "rules": [
                                                                {
                                                                    "conditions": [],
                                                                    "type": "tree",
                                                                    "rules": [
                                                                        {
                                                                            "conditions": [],
                                                                            "endpoint": {
                                                                                "url": "https://cloudtrail-data-fips.{Region}.{PartitionResult#dualStackDnsSuffix}",
                                                                                "properties": {},
                                                                                "headers": {}
                                                                            },
                                                                            "type": "endpoint"
                                                                        }
                                                                    ]
                                                                }
                                                            ]
                                                        },
                                                        {
                                                            "conditions": [],
                                                            "error": "FIPS and DualStack are enabled, but this partition does not support one or both",
                                                            "type": "error"
                                                        }
                                                    ]
                                                },
                                                {
                                                    "conditions": [
                                                        {
                                                            "fn": "booleanEquals",
                                                            "argv": [
                                                                {
                                                                    "ref": "UseFIPS"
                                                                },
                                                                true
                                                            ]
                                                        }
                                                    ],
                                                    "type": "tree",
                                                    "rules": [
                                                        {
                                                            "conditions": [
                                                                {
                                                                    "fn": "booleanEquals",
                                                                    "argv": [
                                                                        true,
                                                                        {
                                                                            "fn": "getAttr",
                                                                            "argv": [
                                                                                {
                                                                                    "ref": "PartitionResult"
                                                                                },
                                                                                "supportsFIPS"
                                                                            ]
                                                                        }
                                                                    ]
                                                                }
                                                            ],
                                                            "type": "tree",
                                                            "rules": [
                                                                {
                                                                    "conditions": [],
                                                                    "type": "tree",
                                                                    "rules": [
                                                                        {
                                                                            "conditions": [],
                                                                            "endpoint": {
                                                                                "url": "https://cloudtrail-data-fips.{Region}.{PartitionResult#dnsSuffix}",
                                                                                "properties": {},
                                                                                "headers": {}
                                                                            },
                                                                            "type": "endpoint"
                                                                        }
                                                                    ]
                                                                }
                                                            ]
                                                        },
                                                        {
                                                            "conditions": [],
                                                            "error": "FIPS is enabled but this partition does not support FIPS",
                                                            "type": "error"
                                                        }
                                                    ]
                                                },
                                                {
                                                    "conditions": [
                                                        {
                                                            "fn": "booleanEquals",
                                                            "argv": [
                                                                {
                                                                    "ref": "UseDualStack"
                                                                },
                                                                true
                                                            ]
                                                        }
                                                    ],
                                                    "type": "tree",
                                                    "rules": [
                                                        {
                                                            "conditions": [
                                                                {
                                                                    "fn": "booleanEquals",
                                                                    "argv": [
                                                                        true,
                                                                        {
                                                                            "fn": "getAttr",
                                                                            "argv": [
                                                                                {
                                                                                    "ref": "PartitionResult"
                                                                                },
                                                                                "supportsDualStack"
                                                                            ]
                                                                        }
                                                                    ]
                                                                }
                                                            ],
                                                            "type": "tree",
                                                            "rules": [
                                                                {
                                                                    "conditions": [],
                                                                    "type": "tree",
                                                                    "rules": [
                                                                        {
                                                                            "conditions": [],
                                                                            "endpoint": {
                                                                                "url": "https://cloudtrail-data.{Region}.{PartitionResult#dualStackDnsSuffix}",
                                                                                "properties": {},
                                                                                "headers": {}
                                                                            },
                                                                            "type": "endpoint"
                                                                        }
                                                                    ]
                                                                }
                                                            ]
                                                        },
                                                        {
                                                            "conditions": [],
                                                            "error": "DualStack is enabled but this partition does not support DualStack",
                                                            "type": "error"
                                                        }
                                                    ]
                                                },
                                                {
                                                    "conditions": [],
                                                    "type": "tree",
                                                    "rules": [
                                                        {
                                                            "conditions": [],
                                                            "endpoint": {
                                                                "url": "https://cloudtrail-data.{Region}.{PartitionResult#dnsSuffix}",
                                                                "properties": {},
                                                                "headers": {}
                                                            },
                                                            "type": "endpoint"
                                                        }
                                                    ]
                                                }
                                            ]
                                        }
                                    ]
                                },
                                {
                                    "conditions": [],
                                    "error": "Invalid Configuration: Missing Region",
                                    "type": "error"
                                }
                            ]
                        }
                    ]
                },
                "smithy.rules#endpointTests": {
                    "testCases": [
                        {
                            "documentation": "For region us-east-1 with FIPS enabled and DualStack enabled",
                            "expect": {
                                "endpoint": {
                                    "url": "https://cloudtrail-data-fips.us-east-1.api.aws"
                                }
                            },
                            "params": {
                                "Region": "us-east-1",
                                "UseFIPS": true,
                                "UseDualStack": true
                            }
                        },
                        {
                            "documentation": "For region us-east-1 with FIPS enabled and DualStack disabled",
                            "expect": {
                                "endpoint": {
                                    "url": "https://cloudtrail-data-fips.us-east-1.amazonaws.com"
                                }
                            },
                            "params": {
                                "Region": "us-east-1",
                                "UseFIPS": true,
                                "UseDualStack": false
                            }
                        },
                        {
                            "documentation": "For region us-east-1 with FIPS disabled and DualStack enabled",
                            "expect": {
                                "endpoint": {
                                    "url": "https://cloudtrail-data.us-east-1.api.aws"
                                }
                            },
                            "params": {
                                "Region": "us-east-1",
                                "UseFIPS": false,
                                "UseDualStack": true
                            }
                        },
                        {
                            "documentation": "For region us-east-1 with FIPS disabled and DualStack disabled",
                            "expect": {
                                "endpoint": {
                                    "url": "https://cloudtrail-data.us-east-1.amazonaws.com"
                                }
                            },
                            "params": {
                                "Region": "us-east-1",
                                "UseFIPS": false,
                                "UseDualStack": false
                            }
                        },
                        {
                            "documentation": "For region cn-north-1 with FIPS enabled and DualStack enabled",
                            "expect": {
                                "endpoint": {
                                    "url": "https://cloudtrail-data-fips.cn-north-1.api.amazonwebservices.com.cn"
                                }
                            },
                            "params": {
                                "Region": "cn-north-1",
                                "UseFIPS": true,
                                "UseDualStack": true
                            }
                        },
                        {
                            "documentation": "For region cn-north-1 with FIPS enabled and DualStack disabled",
                            "expect": {
                                "endpoint": {
                                    "url": "https://cloudtrail-data-fips.cn-north-1.amazonaws.com.cn"
                                }
                            },
                            "params": {
                                "Region": "cn-north-1",
                                "UseFIPS": true,
                                "UseDualStack": false
                            }
                        },
                        {
                            "documentation": "For region cn-north-1 with FIPS disabled and DualStack enabled",
                            "expect": {
                                "endpoint": {
                                    "url": "https://cloudtrail-data.cn-north-1.api.amazonwebservices.com.cn"
                                }
                            },
                            "params": {
                                "Region": "cn-north-1",
                                "UseFIPS": false,
                                "UseDualStack": true
                            }
                        },
                        {
                            "documentation": "For region cn-north-1 with FIPS disabled and DualStack disabled",
                            "expect": {
                                "endpoint": {
                                    "url": "https://cloudtrail-data.cn-north-1.amazonaws.com.cn"
                                }
                            },
                            "params": {
                                "Region": "cn-north-1",
                                "UseFIPS": false,
                                "UseDualStack": false
                            }
                        },
                        {
                            "documentation": "For region us-gov-east-1 with FIPS enabled and DualStack enabled",
                            "expect": {
                                "endpoint": {
                                    "url": "https://cloudtrail-data-fips.us-gov-east-1.api.aws"
                                }
                            },
                            "params": {
                                "Region": "us-gov-east-1",
                                "UseFIPS": true,
                                "UseDualStack": true
                            }
                        },
                        {
                            "documentation": "For region us-gov-east-1 with FIPS enabled and DualStack disabled",
                            "expect": {
                                "endpoint": {
                                    "url": "https://cloudtrail-data-fips.us-gov-east-1.amazonaws.com"
                                }
                            },
                            "params": {
                                "Region": "us-gov-east-1",
                                "UseFIPS": true,
                                "UseDualStack": false
                            }
                        },
                        {
                            "documentation": "For region us-gov-east-1 with FIPS disabled and DualStack enabled",
                            "expect": {
                                "endpoint": {
                                    "url": "https://cloudtrail-data.us-gov-east-1.api.aws"
                                }
                            },
                            "params": {
                                "Region": "us-gov-east-1",
                                "UseFIPS": false,
                                "UseDualStack": true
                            }
                        },
                        {
                            "documentation": "For region us-gov-east-1 with FIPS disabled and DualStack disabled",
                            "expect": {
                                "endpoint": {
                                    "url": "https://cloudtrail-data.us-gov-east-1.amazonaws.com"
                                }
                            },
                            "params": {
                                "Region": "us-gov-east-1",
                                "UseFIPS": false,
                                "UseDualStack": false
                            }
                        },
                        {
                            "documentation": "For region us-iso-east-1 with FIPS enabled and DualStack enabled",
                            "expect": {
                                "error": "FIPS and DualStack are enabled, but this partition does not support one or both"
                            },
                            "params": {
                                "Region": "us-iso-east-1",
                                "UseFIPS": true,
                                "UseDualStack": true
                            }
                        },
                        {
                            "documentation": "For region us-iso-east-1 with FIPS enabled and DualStack disabled",
                            "expect": {
                                "endpoint": {
                                    "url": "https://cloudtrail-data-fips.us-iso-east-1.c2s.ic.gov"
                                }
                            },
                            "params": {
                                "Region": "us-iso-east-1",
                                "UseFIPS": true,
                                "UseDualStack": false
                            }
                        },
                        {
                            "documentation": "For region us-iso-east-1 with FIPS disabled and DualStack enabled",
                            "expect": {
                                "error": "DualStack is enabled but this partition does not support DualStack"
                            },
                            "params": {
                                "Region": "us-iso-east-1",
                                "UseFIPS": false,
                                "UseDualStack": true
                            }
                        },
                        {
                            "documentation": "For region us-iso-east-1 with FIPS disabled and DualStack disabled",
                            "expect": {
                                "endpoint": {
                                    "url": "https://cloudtrail-data.us-iso-east-1.c2s.ic.gov"
                                }
                            },
                            "params": {
                                "Region": "us-iso-east-1",
                                "UseFIPS": false,
                                "UseDualStack": false
                            }
                        },
                        {
                            "documentation": "For region us-isob-east-1 with FIPS enabled and DualStack enabled",
                            "expect": {
                                "error": "FIPS and DualStack are enabled, but this partition does not support one or both"
                            },
                            "params": {
                                "Region": "us-isob-east-1",
                                "UseFIPS": true,
                                "UseDualStack": true
                            }
                        },
                        {
                            "documentation": "For region us-isob-east-1 with FIPS enabled and DualStack disabled",
                            "expect": {
                                "endpoint": {
                                    "url": "https://cloudtrail-data-fips.us-isob-east-1.sc2s.sgov.gov"
                                }
                            },
                            "params": {
                                "Region": "us-isob-east-1",
                                "UseFIPS": true,
                                "UseDualStack": false
                            }
                        },
                        {
                            "documentation": "For region us-isob-east-1 with FIPS disabled and DualStack enabled",
                            "expect": {
                                "error": "DualStack is enabled but this partition does not support DualStack"
                            },
                            "params": {
                                "Region": "us-isob-east-1",
                                "UseFIPS": false,
                                "UseDualStack": true
                            }
                        },
                        {
                            "documentation": "For region us-isob-east-1 with FIPS disabled and DualStack disabled",
                            "expect": {
                                "endpoint": {
                                    "url": "https://cloudtrail-data.us-isob-east-1.sc2s.sgov.gov"
                                }
                            },
                            "params": {
                                "Region": "us-isob-east-1",
                                "UseFIPS": false,
                                "UseDualStack": false
                            }
                        },
                        {
                            "documentation": "For custom endpoint with region set and fips disabled and dualstack disabled",
                            "expect": {
                                "endpoint": {
                                    "url": "https://example.com"
                                }
                            },
                            "params": {
                                "Region": "us-east-1",
                                "UseFIPS": false,
                                "UseDualStack": false,
                                "Endpoint": "https://example.com"
                            }
                        },
                        {
                            "documentation": "For custom endpoint with region not set and fips disabled and dualstack disabled",
                            "expect": {
                                "endpoint": {
                                    "url": "https://example.com"
                                }
                            },
                            "params": {
                                "UseFIPS": false,
                                "UseDualStack": false,
                                "Endpoint": "https://example.com"
                            }
                        },
                        {
                            "documentation": "For custom endpoint with fips enabled and dualstack disabled",
                            "expect": {
                                "error": "Invalid Configuration: FIPS and custom endpoint are not supported"
                            },
                            "params": {
                                "Region": "us-east-1",
                                "UseFIPS": true,
                                "UseDualStack": false,
                                "Endpoint": "https://example.com"
                            }
                        },
                        {
                            "documentation": "For custom endpoint with fips disabled and dualstack enabled",
                            "expect": {
                                "error": "Invalid Configuration: Dualstack and custom endpoint are not supported"
                            },
                            "params": {
                                "Region": "us-east-1",
                                "UseFIPS": false,
                                "UseDualStack": true,
                                "Endpoint": "https://example.com"
                            }
                        },
                        {
                            "documentation": "Missing region",
                            "expect": {
                                "error": "Invalid Configuration: Missing Region"
                            }
                        }
                    ],
                    "version": "1.0"
                }
            }
        },
        "com.amazonaws.cloudtraildata#DuplicatedAuditEventId": {
            "type": "structure",
            "members": {
                "message": {
                    "target": "smithy.api#String"
                }
            },
            "traits": {
                "smithy.api#documentation": "<p>Two or more entries in the request have the same event ID.</p>",
                "smithy.api#error": "client"
            }
        },
        "com.amazonaws.cloudtraildata#ErrorCode": {
            "type": "string",
            "traits": {
                "smithy.api#length": {
                    "min": 1,
                    "max": 128
                }
            }
        },
        "com.amazonaws.cloudtraildata#ErrorMessage": {
            "type": "string",
            "traits": {
                "smithy.api#length": {
                    "min": 1,
                    "max": 1024
                }
            }
        },
        "com.amazonaws.cloudtraildata#ExternalId": {
            "type": "string",
            "traits": {
                "smithy.api#length": {
                    "min": 2,
                    "max": 1224
                },
                "smithy.api#pattern": "^[\\w+=,.@:\\/-]*$"
            }
        },
        "com.amazonaws.cloudtraildata#InvalidChannelARN": {
            "type": "structure",
            "members": {
                "message": {
                    "target": "smithy.api#String"
                }
            },
            "traits": {
                "smithy.api#documentation": "<p>The specified channel ARN is not a valid \n         channel ARN.</p>",
                "smithy.api#error": "client"
            }
        },
        "com.amazonaws.cloudtraildata#PutAuditEvents": {
            "type": "operation",
            "input": {
                "target": "com.amazonaws.cloudtraildata#PutAuditEventsRequest"
            },
            "output": {
                "target": "com.amazonaws.cloudtraildata#PutAuditEventsResponse"
            },
            "errors": [
                {
                    "target": "com.amazonaws.cloudtraildata#ChannelInsufficientPermission"
                },
                {
                    "target": "com.amazonaws.cloudtraildata#ChannelNotFound"
                },
                {
                    "target": "com.amazonaws.cloudtraildata#ChannelUnsupportedSchema"
                },
                {
                    "target": "com.amazonaws.cloudtraildata#DuplicatedAuditEventId"
                },
                {
                    "target": "com.amazonaws.cloudtraildata#InvalidChannelARN"
                },
                {
                    "target": "com.amazonaws.cloudtraildata#UnsupportedOperationException"
                }
            ],
            "traits": {
                "smithy.api#documentation": "<p>Ingests your application events into CloudTrail Lake. A required parameter,\n            <code>auditEvents</code>, accepts the JSON records (also called\n            <i>payload</i>) of events that you want CloudTrail to ingest. You\n         can add up to 100 of these events (or up to 1 MB) per <code>PutAuditEvents</code>\n         request.</p>",
                "smithy.api#http": {
                    "uri": "/PutAuditEvents",
                    "method": "POST"
                }
            }
        },
        "com.amazonaws.cloudtraildata#PutAuditEventsRequest": {
            "type": "structure",
            "members": {
                "auditEvents": {
                    "target": "com.amazonaws.cloudtraildata#AuditEvents",
                    "traits": {
                        "smithy.api#documentation": "<p>The JSON payload of events that you want to ingest. You can also point to the JSON event\n         payload in a file.</p>",
                        "smithy.api#required": {}
                    }
                },
                "channelArn": {
                    "target": "com.amazonaws.cloudtraildata#ChannelArn",
                    "traits": {
                        "smithy.api#documentation": "<p>The ARN or ID (the ARN suffix) of a channel.</p>",
                        "smithy.api#httpQuery": "channelArn",
                        "smithy.api#required": {}
                    }
                },
                "externalId": {
                    "target": "com.amazonaws.cloudtraildata#ExternalId",
                    "traits": {
                        "smithy.api#documentation": "<p>A unique identifier that is conditionally required when the channel's resource policy includes an external \n         ID. This value can be any string, \n         such as a passphrase or account number.</p>",
                        "smithy.api#httpQuery": "externalId"
                    }
                }
            }
        },
        "com.amazonaws.cloudtraildata#PutAuditEventsResponse": {
            "type": "structure",
            "members": {
                "successful": {
                    "target": "com.amazonaws.cloudtraildata#AuditEventResultEntries",
                    "traits": {
                        "smithy.api#documentation": "<p>Lists events in the provided event payload that were successfully ingested \n      into CloudTrail.</p>",
                        "smithy.api#required": {}
                    }
                },
                "failed": {
                    "target": "com.amazonaws.cloudtraildata#ResultErrorEntries",
                    "traits": {
                        "smithy.api#documentation": "<p>Lists events in the provided event payload that could not be \n         ingested into CloudTrail, and includes the error code and error message \n         returned for events that could not be ingested.</p>",
                        "smithy.api#required": {}
                    }
                }
            }
        },
        "com.amazonaws.cloudtraildata#ResultErrorEntries": {
            "type": "list",
            "member": {
                "target": "com.amazonaws.cloudtraildata#ResultErrorEntry"
            },
            "traits": {
                "smithy.api#length": {
                    "min": 0,
                    "max": 100
                }
            }
        },
        "com.amazonaws.cloudtraildata#ResultErrorEntry": {
            "type": "structure",
            "members": {
                "id": {
                    "target": "com.amazonaws.cloudtraildata#Uuid",
                    "traits": {
                        "smithy.api#documentation": "<p>The original event ID from the source event that could not be ingested by CloudTrail.</p>",
                        "smithy.api#required": {}
                    }
                },
                "errorCode": {
                    "target": "com.amazonaws.cloudtraildata#ErrorCode",
                    "traits": {
                        "smithy.api#documentation": "<p>The error code for events that could not be ingested by CloudTrail. Possible error codes include: <code>FieldTooLong</code>, <code>FieldNotFound</code>, \n         <code>InvalidChecksum</code>, <code>InvalidData</code>, <code>InvalidRecipient</code>, <code>InvalidEventSource</code>, <code>AccountNotSubscribed</code>, \n         <code>Throttling</code>, and <code>InternalFailure</code>.</p>",
                        "smithy.api#required": {}
                    }
                },
                "errorMessage": {
                    "target": "com.amazonaws.cloudtraildata#ErrorMessage",
                    "traits": {
                        "smithy.api#documentation": "<p>The message that describes the error for events that could not be ingested by CloudTrail.</p>",
                        "smithy.api#required": {}
                    }
                }
            },
            "traits": {
                "smithy.api#documentation": "<p>Includes the error code and error message for events that could not be ingested by CloudTrail.</p>"
            }
        },
        "com.amazonaws.cloudtraildata#UnsupportedOperationException": {
            "type": "structure",
            "members": {
                "message": {
                    "target": "smithy.api#String"
                }
            },
            "traits": {
                "smithy.api#documentation": "<p>The operation requested is not supported in this region or account.</p>",
                "smithy.api#error": "client"
            }
        },
        "com.amazonaws.cloudtraildata#Uuid": {
            "type": "string",
            "traits": {
                "smithy.api#length": {
                    "min": 1,
                    "max": 128
                },
                "smithy.api#pattern": "^[-_A-Za-z0-9]+$"
            }
        }
    }
}