{
    "smithy": "2.0",
    "metadata": {
        "suppressions": [
            {
                "id": "HttpMethodSemantics",
                "namespace": "*"
            },
            {
                "id": "HttpResponseCodeSemantics",
                "namespace": "*"
            },
            {
                "id": "PaginatedTrait",
                "namespace": "*"
            },
            {
                "id": "HttpHeaderTrait",
                "namespace": "*"
            },
            {
                "id": "HttpUriConflict",
                "namespace": "*"
            },
            {
                "id": "Service",
                "namespace": "*"
            }
        ]
    },
    "shapes": {
        "com.amazonaws.forecastquery#AmazonForecastRuntime": {
            "type": "service",
            "version": "2018-06-26",
            "operations": [
                {
                    "target": "com.amazonaws.forecastquery#QueryForecast"
                },
                {
                    "target": "com.amazonaws.forecastquery#QueryWhatIfForecast"
                }
            ],
            "traits": {
                "aws.api#service": {
                    "sdkId": "forecastquery",
                    "arnNamespace": "forecast",
                    "cloudFormationName": "Forecastquery",
                    "cloudTrailEventSource": "forecastquery.amazonaws.com",
                    "endpointPrefix": "forecastquery"
                },
                "aws.auth#sigv4": {
                    "name": "forecast"
                },
                "aws.protocols#awsJson1_1": {},
                "smithy.api#documentation": "<p>Provides APIs for creating and managing Amazon Forecast resources.</p>",
                "smithy.api#title": "Amazon Forecast Query Service",
                "smithy.rules#endpointRuleSet": {
                    "version": "1.0",
                    "parameters": {
                        "Region": {
                            "builtIn": "AWS::Region",
                            "required": false,
                            "documentation": "The AWS region used to dispatch the request.",
                            "type": "String"
                        },
                        "UseDualStack": {
                            "builtIn": "AWS::UseDualStack",
                            "required": true,
                            "default": false,
                            "documentation": "When true, use the dual-stack endpoint. If the configured endpoint does not support dual-stack, dispatching the request MAY return an error.",
                            "type": "Boolean"
                        },
                        "UseFIPS": {
                            "builtIn": "AWS::UseFIPS",
                            "required": true,
                            "default": false,
                            "documentation": "When true, send this request to the FIPS-compliant regional endpoint. If the configured endpoint does not have a FIPS compliant endpoint, dispatching the request will return an error.",
                            "type": "Boolean"
                        },
                        "Endpoint": {
                            "builtIn": "SDK::Endpoint",
                            "required": false,
                            "documentation": "Override the endpoint used to send this request",
                            "type": "String"
                        }
                    },
                    "rules": [
                        {
                            "conditions": [
                                {
                                    "fn": "isSet",
                                    "argv": [
                                        {
                                            "ref": "Endpoint"
                                        }
                                    ]
                                }
                            ],
                            "type": "tree",
                            "rules": [
                                {
                                    "conditions": [
                                        {
                                            "fn": "booleanEquals",
                                            "argv": [
                                                {
                                                    "ref": "UseFIPS"
                                                },
                                                true
                                            ]
                                        }
                                    ],
                                    "error": "Invalid Configuration: FIPS and custom endpoint are not supported",
                                    "type": "error"
                                },
                                {
                                    "conditions": [
                                        {
                                            "fn": "booleanEquals",
                                            "argv": [
                                                {
                                                    "ref": "UseDualStack"
                                                },
                                                true
                                            ]
                                        }
                                    ],
                                    "error": "Invalid Configuration: Dualstack and custom endpoint are not supported",
                                    "type": "error"
                                },
                                {
                                    "conditions": [],
                                    "endpoint": {
                                        "url": {
                                            "ref": "Endpoint"
                                        },
                                        "properties": {},
                                        "headers": {}
                                    },
                                    "type": "endpoint"
                                }
                            ]
                        },
                        {
                            "conditions": [
                                {
                                    "fn": "isSet",
                                    "argv": [
                                        {
                                            "ref": "Region"
                                        }
                                    ]
                                }
                            ],
                            "type": "tree",
                            "rules": [
                                {
                                    "conditions": [
                                        {
                                            "fn": "aws.partition",
                                            "argv": [
                                                {
                                                    "ref": "Region"
                                                }
                                            ],
                                            "assign": "PartitionResult"
                                        }
                                    ],
                                    "type": "tree",
                                    "rules": [
                                        {
                                            "conditions": [
                                                {
                                                    "fn": "booleanEquals",
                                                    "argv": [
                                                        {
                                                            "ref": "UseFIPS"
                                                        },
                                                        true
                                                    ]
                                                },
                                                {
                                                    "fn": "booleanEquals",
                                                    "argv": [
                                                        {
                                                            "ref": "UseDualStack"
                                                        },
                                                        true
                                                    ]
                                                }
                                            ],
                                            "type": "tree",
                                            "rules": [
                                                {
                                                    "conditions": [
                                                        {
                                                            "fn": "booleanEquals",
                                                            "argv": [
                                                                true,
                                                                {
                                                                    "fn": "getAttr",
                                                                    "argv": [
                                                                        {
                                                                            "ref": "PartitionResult"
                                                                        },
                                                                        "supportsFIPS"
                                                                    ]
                                                                }
                                                            ]
                                                        },
                                                        {
                                                            "fn": "booleanEquals",
                                                            "argv": [
                                                                true,
                                                                {
                                                                    "fn": "getAttr",
                                                                    "argv": [
                                                                        {
                                                                            "ref": "PartitionResult"
                                                                        },
                                                                        "supportsDualStack"
                                                                    ]
                                                                }
                                                            ]
                                                        }
                                                    ],
                                                    "type": "tree",
                                                    "rules": [
                                                        {
                                                            "conditions": [],
                                                            "endpoint": {
                                                                "url": "https://forecastquery-fips.{Region}.{PartitionResult#dualStackDnsSuffix}",
                                                                "properties": {},
                                                                "headers": {}
                                                            },
                                                            "type": "endpoint"
                                                        }
                                                    ]
                                                },
                                                {
                                                    "conditions": [],
                                                    "error": "FIPS and DualStack are enabled, but this partition does not support one or both",
                                                    "type": "error"
                                                }
                                            ]
                                        },
                                        {
                                            "conditions": [
                                                {
                                                    "fn": "booleanEquals",
                                                    "argv": [
                                                        {
                                                            "ref": "UseFIPS"
                                                        },
                                                        true
                                                    ]
                                                }
                                            ],
                                            "type": "tree",
                                            "rules": [
                                                {
                                                    "conditions": [
                                                        {
                                                            "fn": "booleanEquals",
                                                            "argv": [
                                                                true,
                                                                {
                                                                    "fn": "getAttr",
                                                                    "argv": [
                                                                        {
                                                                            "ref": "PartitionResult"
                                                                        },
                                                                        "supportsFIPS"
                                                                    ]
                                                                }
                                                            ]
                                                        }
                                                    ],
                                                    "type": "tree",
                                                    "rules": [
                                                        {
                                                            "conditions": [],
                                                            "endpoint": {
                                                                "url": "https://forecastquery-fips.{Region}.{PartitionResult#dnsSuffix}",
                                                                "properties": {},
                                                                "headers": {}
                                                            },
                                                            "type": "endpoint"
                                                        }
                                                    ]
                                                },
                                                {
                                                    "conditions": [],
                                                    "error": "FIPS is enabled but this partition does not support FIPS",
                                                    "type": "error"
                                                }
                                            ]
                                        },
                                        {
                                            "conditions": [
                                                {
                                                    "fn": "booleanEquals",
                                                    "argv": [
                                                        {
                                                            "ref": "UseDualStack"
                                                        },
                                                        true
                                                    ]
                                                }
                                            ],
                                            "type": "tree",
                                            "rules": [
                                                {
                                                    "conditions": [
                                                        {
                                                            "fn": "booleanEquals",
                                                            "argv": [
                                                                true,
                                                                {
                                                                    "fn": "getAttr",
                                                                    "argv": [
                                                                        {
                                                                            "ref": "PartitionResult"
                                                                        },
                                                                        "supportsDualStack"
                                                                    ]
                                                                }
                                                            ]
                                                        }
                                                    ],
                                                    "type": "tree",
                                                    "rules": [
                                                        {
                                                            "conditions": [],
                                                            "endpoint": {
                                                                "url": "https://forecastquery.{Region}.{PartitionResult#dualStackDnsSuffix}",
                                                                "properties": {},
                                                                "headers": {}
                                                            },
                                                            "type": "endpoint"
                                                        }
                                                    ]
                                                },
                                                {
                                                    "conditions": [],
                                                    "error": "DualStack is enabled but this partition does not support DualStack",
                                                    "type": "error"
                                                }
                                            ]
                                        },
                                        {
                                            "conditions": [],
                                            "endpoint": {
                                                "url": "https://forecastquery.{Region}.{PartitionResult#dnsSuffix}",
                                                "properties": {},
                                                "headers": {}
                                            },
                                            "type": "endpoint"
                                        }
                                    ]
                                }
                            ]
                        },
                        {
                            "conditions": [],
                            "error": "Invalid Configuration: Missing Region",
                            "type": "error"
                        }
                    ]
                },
                "smithy.rules#endpointTests": {
                    "testCases": [
                        {
                            "documentation": "For region ap-northeast-1 with FIPS disabled and DualStack disabled",
                            "expect": {
                                "endpoint": {
                                    "url": "https://forecastquery.ap-northeast-1.amazonaws.com"
                                }
                            },
                            "params": {
                                "Region": "ap-northeast-1",
                                "UseFIPS": false,
                                "UseDualStack": false
                            }
                        },
                        {
                            "documentation": "For region ap-northeast-2 with FIPS disabled and DualStack disabled",
                            "expect": {
                                "endpoint": {
                                    "url": "https://forecastquery.ap-northeast-2.amazonaws.com"
                                }
                            },
                            "params": {
                                "Region": "ap-northeast-2",
                                "UseFIPS": false,
                                "UseDualStack": false
                            }
                        },
                        {
                            "documentation": "For region ap-south-1 with FIPS disabled and DualStack disabled",
                            "expect": {
                                "endpoint": {
                                    "url": "https://forecastquery.ap-south-1.amazonaws.com"
                                }
                            },
                            "params": {
                                "Region": "ap-south-1",
                                "UseFIPS": false,
                                "UseDualStack": false
                            }
                        },
                        {
                            "documentation": "For region ap-southeast-1 with FIPS disabled and DualStack disabled",
                            "expect": {
                                "endpoint": {
                                    "url": "https://forecastquery.ap-southeast-1.amazonaws.com"
                                }
                            },
                            "params": {
                                "Region": "ap-southeast-1",
                                "UseFIPS": false,
                                "UseDualStack": false
                            }
                        },
                        {
                            "documentation": "For region ap-southeast-2 with FIPS disabled and DualStack disabled",
                            "expect": {
                                "endpoint": {
                                    "url": "https://forecastquery.ap-southeast-2.amazonaws.com"
                                }
                            },
                            "params": {
                                "Region": "ap-southeast-2",
                                "UseFIPS": false,
                                "UseDualStack": false
                            }
                        },
                        {
                            "documentation": "For region eu-central-1 with FIPS disabled and DualStack disabled",
                            "expect": {
                                "endpoint": {
                                    "url": "https://forecastquery.eu-central-1.amazonaws.com"
                                }
                            },
                            "params": {
                                "Region": "eu-central-1",
                                "UseFIPS": false,
                                "UseDualStack": false
                            }
                        },
                        {
                            "documentation": "For region eu-west-1 with FIPS disabled and DualStack disabled",
                            "expect": {
                                "endpoint": {
                                    "url": "https://forecastquery.eu-west-1.amazonaws.com"
                                }
                            },
                            "params": {
                                "Region": "eu-west-1",
                                "UseFIPS": false,
                                "UseDualStack": false
                            }
                        },
                        {
                            "documentation": "For region us-east-1 with FIPS disabled and DualStack disabled",
                            "expect": {
                                "endpoint": {
                                    "url": "https://forecastquery.us-east-1.amazonaws.com"
                                }
                            },
                            "params": {
                                "Region": "us-east-1",
                                "UseFIPS": false,
                                "UseDualStack": false
                            }
                        },
                        {
                            "documentation": "For region us-east-1 with FIPS enabled and DualStack disabled",
                            "expect": {
                                "endpoint": {
                                    "url": "https://forecastquery-fips.us-east-1.amazonaws.com"
                                }
                            },
                            "params": {
                                "Region": "us-east-1",
                                "UseFIPS": true,
                                "UseDualStack": false
                            }
                        },
                        {
                            "documentation": "For region us-east-2 with FIPS disabled and DualStack disabled",
                            "expect": {
                                "endpoint": {
                                    "url": "https://forecastquery.us-east-2.amazonaws.com"
                                }
                            },
                            "params": {
                                "Region": "us-east-2",
                                "UseFIPS": false,
                                "UseDualStack": false
                            }
                        },
                        {
                            "documentation": "For region us-east-2 with FIPS enabled and DualStack disabled",
                            "expect": {
                                "endpoint": {
                                    "url": "https://forecastquery-fips.us-east-2.amazonaws.com"
                                }
                            },
                            "params": {
                                "Region": "us-east-2",
                                "UseFIPS": true,
                                "UseDualStack": false
                            }
                        },
                        {
                            "documentation": "For region us-west-2 with FIPS disabled and DualStack disabled",
                            "expect": {
                                "endpoint": {
                                    "url": "https://forecastquery.us-west-2.amazonaws.com"
                                }
                            },
                            "params": {
                                "Region": "us-west-2",
                                "UseFIPS": false,
                                "UseDualStack": false
                            }
                        },
                        {
                            "documentation": "For region us-west-2 with FIPS enabled and DualStack disabled",
                            "expect": {
                                "endpoint": {
                                    "url": "https://forecastquery-fips.us-west-2.amazonaws.com"
                                }
                            },
                            "params": {
                                "Region": "us-west-2",
                                "UseFIPS": true,
                                "UseDualStack": false
                            }
                        },
                        {
                            "documentation": "For region us-east-1 with FIPS enabled and DualStack enabled",
                            "expect": {
                                "endpoint": {
                                    "url": "https://forecastquery-fips.us-east-1.api.aws"
                                }
                            },
                            "params": {
                                "Region": "us-east-1",
                                "UseFIPS": true,
                                "UseDualStack": true
                            }
                        },
                        {
                            "documentation": "For region us-east-1 with FIPS disabled and DualStack enabled",
                            "expect": {
                                "endpoint": {
                                    "url": "https://forecastquery.us-east-1.api.aws"
                                }
                            },
                            "params": {
                                "Region": "us-east-1",
                                "UseFIPS": false,
                                "UseDualStack": true
                            }
                        },
                        {
                            "documentation": "For region cn-north-1 with FIPS enabled and DualStack enabled",
                            "expect": {
                                "endpoint": {
                                    "url": "https://forecastquery-fips.cn-north-1.api.amazonwebservices.com.cn"
                                }
                            },
                            "params": {
                                "Region": "cn-north-1",
                                "UseFIPS": true,
                                "UseDualStack": true
                            }
                        },
                        {
                            "documentation": "For region cn-north-1 with FIPS enabled and DualStack disabled",
                            "expect": {
                                "endpoint": {
                                    "url": "https://forecastquery-fips.cn-north-1.amazonaws.com.cn"
                                }
                            },
                            "params": {
                                "Region": "cn-north-1",
                                "UseFIPS": true,
                                "UseDualStack": false
                            }
                        },
                        {
                            "documentation": "For region cn-north-1 with FIPS disabled and DualStack enabled",
                            "expect": {
                                "endpoint": {
                                    "url": "https://forecastquery.cn-north-1.api.amazonwebservices.com.cn"
                                }
                            },
                            "params": {
                                "Region": "cn-north-1",
                                "UseFIPS": false,
                                "UseDualStack": true
                            }
                        },
                        {
                            "documentation": "For region cn-north-1 with FIPS disabled and DualStack disabled",
                            "expect": {
                                "endpoint": {
                                    "url": "https://forecastquery.cn-north-1.amazonaws.com.cn"
                                }
                            },
                            "params": {
                                "Region": "cn-north-1",
                                "UseFIPS": false,
                                "UseDualStack": false
                            }
                        },
                        {
                            "documentation": "For region us-gov-east-1 with FIPS enabled and DualStack enabled",
                            "expect": {
                                "endpoint": {
                                    "url": "https://forecastquery-fips.us-gov-east-1.api.aws"
                                }
                            },
                            "params": {
                                "Region": "us-gov-east-1",
                                "UseFIPS": true,
                                "UseDualStack": true
                            }
                        },
                        {
                            "documentation": "For region us-gov-east-1 with FIPS enabled and DualStack disabled",
                            "expect": {
                                "endpoint": {
                                    "url": "https://forecastquery-fips.us-gov-east-1.amazonaws.com"
                                }
                            },
                            "params": {
                                "Region": "us-gov-east-1",
                                "UseFIPS": true,
                                "UseDualStack": false
                            }
                        },
                        {
                            "documentation": "For region us-gov-east-1 with FIPS disabled and DualStack enabled",
                            "expect": {
                                "endpoint": {
                                    "url": "https://forecastquery.us-gov-east-1.api.aws"
                                }
                            },
                            "params": {
                                "Region": "us-gov-east-1",
                                "UseFIPS": false,
                                "UseDualStack": true
                            }
                        },
                        {
                            "documentation": "For region us-gov-east-1 with FIPS disabled and DualStack disabled",
                            "expect": {
                                "endpoint": {
                                    "url": "https://forecastquery.us-gov-east-1.amazonaws.com"
                                }
                            },
                            "params": {
                                "Region": "us-gov-east-1",
                                "UseFIPS": false,
                                "UseDualStack": false
                            }
                        },
                        {
                            "documentation": "For region us-iso-east-1 with FIPS enabled and DualStack enabled",
                            "expect": {
                                "error": "FIPS and DualStack are enabled, but this partition does not support one or both"
                            },
                            "params": {
                                "Region": "us-iso-east-1",
                                "UseFIPS": true,
                                "UseDualStack": true
                            }
                        },
                        {
                            "documentation": "For region us-iso-east-1 with FIPS enabled and DualStack disabled",
                            "expect": {
                                "endpoint": {
                                    "url": "https://forecastquery-fips.us-iso-east-1.c2s.ic.gov"
                                }
                            },
                            "params": {
                                "Region": "us-iso-east-1",
                                "UseFIPS": true,
                                "UseDualStack": false
                            }
                        },
                        {
                            "documentation": "For region us-iso-east-1 with FIPS disabled and DualStack enabled",
                            "expect": {
                                "error": "DualStack is enabled but this partition does not support DualStack"
                            },
                            "params": {
                                "Region": "us-iso-east-1",
                                "UseFIPS": false,
                                "UseDualStack": true
                            }
                        },
                        {
                            "documentation": "For region us-iso-east-1 with FIPS disabled and DualStack disabled",
                            "expect": {
                                "endpoint": {
                                    "url": "https://forecastquery.us-iso-east-1.c2s.ic.gov"
                                }
                            },
                            "params": {
                                "Region": "us-iso-east-1",
                                "UseFIPS": false,
                                "UseDualStack": false
                            }
                        },
                        {
                            "documentation": "For region us-isob-east-1 with FIPS enabled and DualStack enabled",
                            "expect": {
                                "error": "FIPS and DualStack are enabled, but this partition does not support one or both"
                            },
                            "params": {
                                "Region": "us-isob-east-1",
                                "UseFIPS": true,
                                "UseDualStack": true
                            }
                        },
                        {
                            "documentation": "For region us-isob-east-1 with FIPS enabled and DualStack disabled",
                            "expect": {
                                "endpoint": {
                                    "url": "https://forecastquery-fips.us-isob-east-1.sc2s.sgov.gov"
                                }
                            },
                            "params": {
                                "Region": "us-isob-east-1",
                                "UseFIPS": true,
                                "UseDualStack": false
                            }
                        },
                        {
                            "documentation": "For region us-isob-east-1 with FIPS disabled and DualStack enabled",
                            "expect": {
                                "error": "DualStack is enabled but this partition does not support DualStack"
                            },
                            "params": {
                                "Region": "us-isob-east-1",
                                "UseFIPS": false,
                                "UseDualStack": true
                            }
                        },
                        {
                            "documentation": "For region us-isob-east-1 with FIPS disabled and DualStack disabled",
                            "expect": {
                                "endpoint": {
                                    "url": "https://forecastquery.us-isob-east-1.sc2s.sgov.gov"
                                }
                            },
                            "params": {
                                "Region": "us-isob-east-1",
                                "UseFIPS": false,
                                "UseDualStack": false
                            }
                        },
                        {
                            "documentation": "For custom endpoint with region set and fips disabled and dualstack disabled",
                            "expect": {
                                "endpoint": {
                                    "url": "https://example.com"
                                }
                            },
                            "params": {
                                "Region": "us-east-1",
                                "UseFIPS": false,
                                "UseDualStack": false,
                                "Endpoint": "https://example.com"
                            }
                        },
                        {
                            "documentation": "For custom endpoint with region not set and fips disabled and dualstack disabled",
                            "expect": {
                                "endpoint": {
                                    "url": "https://example.com"
                                }
                            },
                            "params": {
                                "UseFIPS": false,
                                "UseDualStack": false,
                                "Endpoint": "https://example.com"
                            }
                        },
                        {
                            "documentation": "For custom endpoint with fips enabled and dualstack disabled",
                            "expect": {
                                "error": "Invalid Configuration: FIPS and custom endpoint are not supported"
                            },
                            "params": {
                                "Region": "us-east-1",
                                "UseFIPS": true,
                                "UseDualStack": false,
                                "Endpoint": "https://example.com"
                            }
                        },
                        {
                            "documentation": "For custom endpoint with fips disabled and dualstack enabled",
                            "expect": {
                                "error": "Invalid Configuration: Dualstack and custom endpoint are not supported"
                            },
                            "params": {
                                "Region": "us-east-1",
                                "UseFIPS": false,
                                "UseDualStack": true,
                                "Endpoint": "https://example.com"
                            }
                        },
                        {
                            "documentation": "Missing region",
                            "expect": {
                                "error": "Invalid Configuration: Missing Region"
                            }
                        }
                    ],
                    "version": "1.0"
                }
            }
        },
        "com.amazonaws.forecastquery#Arn": {
            "type": "string",
            "traits": {
                "smithy.api#length": {
                    "min": 0,
                    "max": 256
                },
                "smithy.api#pattern": "^arn:([a-z\\d-]+):forecast:.*:.*:.+$"
            }
        },
        "com.amazonaws.forecastquery#AttributeName": {
            "type": "string",
            "traits": {
                "smithy.api#length": {
                    "min": 0,
                    "max": 256
                },
                "smithy.api#pattern": "^[a-zA-Z0-9\\_\\-]+$"
            }
        },
        "com.amazonaws.forecastquery#AttributeValue": {
            "type": "string",
            "traits": {
                "smithy.api#length": {
                    "min": 0,
                    "max": 256
                }
            }
        },
        "com.amazonaws.forecastquery#DataPoint": {
            "type": "structure",
            "members": {
                "Timestamp": {
                    "target": "com.amazonaws.forecastquery#Timestamp",
                    "traits": {
                        "smithy.api#documentation": "<p>The timestamp of the specific forecast.</p>"
                    }
                },
                "Value": {
                    "target": "com.amazonaws.forecastquery#Double",
                    "traits": {
                        "smithy.api#documentation": "<p>The forecast value.</p>"
                    }
                }
            },
            "traits": {
                "smithy.api#documentation": "<p>The forecast value for a specific date. Part of the <a>Forecast</a>\n      object.</p>"
            }
        },
        "com.amazonaws.forecastquery#DateTime": {
            "type": "string"
        },
        "com.amazonaws.forecastquery#Double": {
            "type": "double"
        },
        "com.amazonaws.forecastquery#ErrorMessage": {
            "type": "string"
        },
        "com.amazonaws.forecastquery#Filters": {
            "type": "map",
            "key": {
                "target": "com.amazonaws.forecastquery#AttributeName"
            },
            "value": {
                "target": "com.amazonaws.forecastquery#AttributeValue"
            },
            "traits": {
                "smithy.api#length": {
                    "min": 1,
                    "max": 50
                }
            }
        },
        "com.amazonaws.forecastquery#Forecast": {
            "type": "structure",
            "members": {
                "Predictions": {
                    "target": "com.amazonaws.forecastquery#Predictions",
                    "traits": {
                        "smithy.api#documentation": "<p>The forecast.</p>\n         <p>The <i>string</i> of the string-to-array map is one of the following\n      values:</p>\n         <ul>\n            <li>\n               <p>p10</p>\n            </li>\n            <li>\n               <p>p50</p>\n            </li>\n            <li>\n               <p>p90</p>\n            </li>\n         </ul>\n         <p>The default setting is <code>[\"0.1\", \"0.5\", \"0.9\"]</code>. Use the optional <code>ForecastTypes</code> parameter of the <a href=\"https://docs.aws.amazon.com/forecast/latest/dg/API_CreateForecast.html\">CreateForecast</a> operation to change the values. The values will vary depending on how this is set, with a minimum of <code>1</code> and a maximum of <code>5.</code>\n         </p>"
                    }
                }
            },
            "traits": {
                "smithy.api#documentation": "<p>Provides information about a forecast. Returned as part of the <a>QueryForecast</a> response.</p>"
            }
        },
        "com.amazonaws.forecastquery#InvalidInputException": {
            "type": "structure",
            "members": {
                "Message": {
                    "target": "com.amazonaws.forecastquery#ErrorMessage"
                }
            },
            "traits": {
                "smithy.api#documentation": "<p>The value is invalid or is too long.</p>",
                "smithy.api#error": "client",
                "smithy.api#httpError": 400
            }
        },
        "com.amazonaws.forecastquery#InvalidNextTokenException": {
            "type": "structure",
            "members": {
                "Message": {
                    "target": "com.amazonaws.forecastquery#ErrorMessage"
                }
            },
            "traits": {
                "smithy.api#documentation": "<p>The token is not valid. Tokens expire after 24 hours.</p>",
                "smithy.api#error": "client",
                "smithy.api#httpError": 400
            }
        },
        "com.amazonaws.forecastquery#LimitExceededException": {
            "type": "structure",
            "members": {
                "Message": {
                    "target": "com.amazonaws.forecastquery#ErrorMessage"
                }
            },
            "traits": {
                "smithy.api#documentation": "<p>The limit on the number of requests per second has been exceeded.</p>",
                "smithy.api#error": "client",
                "smithy.api#httpError": 409
            }
        },
        "com.amazonaws.forecastquery#LongArn": {
            "type": "string",
            "traits": {
                "smithy.api#length": {
                    "min": 0,
                    "max": 300
                },
                "smithy.api#pattern": "^arn:([a-z\\d-]+):forecast:.*:.*:.+$"
            }
        },
        "com.amazonaws.forecastquery#NextToken": {
            "type": "string",
            "traits": {
                "smithy.api#length": {
                    "min": 1,
                    "max": 3000
                }
            }
        },
        "com.amazonaws.forecastquery#Predictions": {
            "type": "map",
            "key": {
                "target": "com.amazonaws.forecastquery#Statistic"
            },
            "value": {
                "target": "com.amazonaws.forecastquery#TimeSeries"
            }
        },
        "com.amazonaws.forecastquery#QueryForecast": {
            "type": "operation",
            "input": {
                "target": "com.amazonaws.forecastquery#QueryForecastRequest"
            },
            "output": {
                "target": "com.amazonaws.forecastquery#QueryForecastResponse"
            },
            "errors": [
                {
                    "target": "com.amazonaws.forecastquery#InvalidInputException"
                },
                {
                    "target": "com.amazonaws.forecastquery#InvalidNextTokenException"
                },
                {
                    "target": "com.amazonaws.forecastquery#LimitExceededException"
                },
                {
                    "target": "com.amazonaws.forecastquery#ResourceInUseException"
                },
                {
                    "target": "com.amazonaws.forecastquery#ResourceNotFoundException"
                }
            ],
            "traits": {
                "smithy.api#documentation": "<p>Retrieves a forecast for a single item, filtered by the supplied criteria.</p>\n         <p>The criteria is a key-value pair. The key is either <code>item_id</code> (or the\n      equivalent non-timestamp, non-target field) from the <code>TARGET_TIME_SERIES</code> dataset,\n      or one of the forecast dimensions specified as part of the <code>FeaturizationConfig</code>\n      object.</p>\n         <p>By default, <code>QueryForecast</code> returns the complete date range for the filtered\n      forecast. You can request a specific date range.</p>\n         <p>To get the full forecast, use the <a href=\"https://docs.aws.amazon.com/en_us/forecast/latest/dg/API_CreateForecastExportJob.html\">CreateForecastExportJob</a> operation.</p>\n         <note>\n            <p>The forecasts generated by Amazon Forecast are in the same timezone as the dataset that was\n        used to create the predictor.</p>\n         </note>"
            }
        },
        "com.amazonaws.forecastquery#QueryForecastRequest": {
            "type": "structure",
            "members": {
                "ForecastArn": {
                    "target": "com.amazonaws.forecastquery#Arn",
                    "traits": {
                        "smithy.api#documentation": "<p>The Amazon Resource Name (ARN) of the forecast to query.</p>",
                        "smithy.api#required": {}
                    }
                },
                "StartDate": {
                    "target": "com.amazonaws.forecastquery#DateTime",
                    "traits": {
                        "smithy.api#documentation": "<p>The start date for the forecast. Specify the date using this format: yyyy-MM-dd'T'HH:mm:ss\n      (ISO 8601 format). For example, 2015-01-01T08:00:00.</p>"
                    }
                },
                "EndDate": {
                    "target": "com.amazonaws.forecastquery#DateTime",
                    "traits": {
                        "smithy.api#documentation": "<p>The end date for the forecast. Specify the date using this format: yyyy-MM-dd'T'HH:mm:ss\n      (ISO 8601 format). For example, 2015-01-01T20:00:00. </p>"
                    }
                },
                "Filters": {
                    "target": "com.amazonaws.forecastquery#Filters",
                    "traits": {
                        "smithy.api#documentation": "<p>The filtering criteria to apply when retrieving the forecast. For example, to get the\n      forecast for <code>client_21</code> in the electricity usage dataset, specify the\n      following:</p>\n         <p>\n            <code>{\"item_id\" : \"client_21\"}</code>\n         </p>\n      \n      \n         <p>To get the full forecast, use the <a href=\"https://docs.aws.amazon.com/en_us/forecast/latest/dg/API_CreateForecastExportJob.html\">CreateForecastExportJob</a> operation.</p>",
                        "smithy.api#required": {}
                    }
                },
                "NextToken": {
                    "target": "com.amazonaws.forecastquery#NextToken",
                    "traits": {
                        "smithy.api#documentation": "<p>If the result of the previous request was truncated, the response includes a\n        <code>NextToken</code>. To retrieve the next set of results, use the token in the next\n      request. Tokens expire after 24 hours.</p>"
                    }
                }
            },
            "traits": {
                "smithy.api#input": {}
            }
        },
        "com.amazonaws.forecastquery#QueryForecastResponse": {
            "type": "structure",
            "members": {
                "Forecast": {
                    "target": "com.amazonaws.forecastquery#Forecast",
                    "traits": {
                        "smithy.api#documentation": "<p>The forecast.</p>"
                    }
                }
            },
            "traits": {
                "smithy.api#output": {}
            }
        },
        "com.amazonaws.forecastquery#QueryWhatIfForecast": {
            "type": "operation",
            "input": {
                "target": "com.amazonaws.forecastquery#QueryWhatIfForecastRequest"
            },
            "output": {
                "target": "com.amazonaws.forecastquery#QueryWhatIfForecastResponse"
            },
            "errors": [
                {
                    "target": "com.amazonaws.forecastquery#InvalidInputException"
                },
                {
                    "target": "com.amazonaws.forecastquery#InvalidNextTokenException"
                },
                {
                    "target": "com.amazonaws.forecastquery#LimitExceededException"
                },
                {
                    "target": "com.amazonaws.forecastquery#ResourceInUseException"
                },
                {
                    "target": "com.amazonaws.forecastquery#ResourceNotFoundException"
                }
            ],
            "traits": {
                "smithy.api#documentation": "<p>Retrieves a what-if forecast.</p>"
            }
        },
        "com.amazonaws.forecastquery#QueryWhatIfForecastRequest": {
            "type": "structure",
            "members": {
                "WhatIfForecastArn": {
                    "target": "com.amazonaws.forecastquery#LongArn",
                    "traits": {
                        "smithy.api#documentation": "<p>The Amazon Resource Name (ARN) of the what-if forecast to query.</p>",
                        "smithy.api#required": {}
                    }
                },
                "StartDate": {
                    "target": "com.amazonaws.forecastquery#DateTime",
                    "traits": {
                        "smithy.api#documentation": "<p>The start date for the what-if forecast. Specify the date using this format: yyyy-MM-dd'T'HH:mm:ss\n      (ISO 8601 format). For example, 2015-01-01T08:00:00.</p>"
                    }
                },
                "EndDate": {
                    "target": "com.amazonaws.forecastquery#DateTime",
                    "traits": {
                        "smithy.api#documentation": "<p>The end date for the what-if forecast. Specify the date using this format: yyyy-MM-dd'T'HH:mm:ss\n      (ISO 8601 format). For example, 2015-01-01T20:00:00. </p>"
                    }
                },
                "Filters": {
                    "target": "com.amazonaws.forecastquery#Filters",
                    "traits": {
                        "smithy.api#documentation": "<p>The filtering criteria to apply when retrieving the forecast. For example, to get the\n      forecast for <code>client_21</code> in the electricity usage dataset, specify the\n      following:</p>\n         <p>\n            <code>{\"item_id\" : \"client_21\"}</code>\n         </p>\n         <p>To get the full what-if forecast, use the <a href=\"https://docs.aws.amazon.com/en_us/forecast/latest/dg/API_CreateWhatIfForecastExport.html\">CreateForecastExportJob</a> operation.</p>",
                        "smithy.api#required": {}
                    }
                },
                "NextToken": {
                    "target": "com.amazonaws.forecastquery#NextToken",
                    "traits": {
                        "smithy.api#documentation": "<p>If the result of the previous request was truncated, the response includes a\n      <code>NextToken</code>. To retrieve the next set of results, use the token in the next\n      request. Tokens expire after 24 hours.</p>"
                    }
                }
            },
            "traits": {
                "smithy.api#input": {}
            }
        },
        "com.amazonaws.forecastquery#QueryWhatIfForecastResponse": {
            "type": "structure",
            "members": {
                "Forecast": {
                    "target": "com.amazonaws.forecastquery#Forecast"
                }
            },
            "traits": {
                "smithy.api#output": {}
            }
        },
        "com.amazonaws.forecastquery#ResourceInUseException": {
            "type": "structure",
            "members": {
                "Message": {
                    "target": "com.amazonaws.forecastquery#ErrorMessage"
                }
            },
            "traits": {
                "smithy.api#documentation": "<p>The specified resource is in use.</p>",
                "smithy.api#error": "client",
                "smithy.api#httpError": 409
            }
        },
        "com.amazonaws.forecastquery#ResourceNotFoundException": {
            "type": "structure",
            "members": {
                "Message": {
                    "target": "com.amazonaws.forecastquery#ErrorMessage"
                }
            },
            "traits": {
                "smithy.api#documentation": "<p>We can't find that resource. Check the information that you've provided and try\n      again.</p>",
                "smithy.api#error": "client",
                "smithy.api#httpError": 404
            }
        },
        "com.amazonaws.forecastquery#Statistic": {
            "type": "string",
            "traits": {
                "smithy.api#length": {
                    "min": 0,
                    "max": 4
                }
            }
        },
        "com.amazonaws.forecastquery#TimeSeries": {
            "type": "list",
            "member": {
                "target": "com.amazonaws.forecastquery#DataPoint"
            }
        },
        "com.amazonaws.forecastquery#Timestamp": {
            "type": "string"
        }
    }
}
